Workbook

Sheet 목차 (시트 이동)
B2: 1. 입 력 목 차 | F2: 3. 그 래 프 목 차
B4: 개 요 | C4: 이 동 | D4: 비 고 | F4: 개 요 | G4: 이 동 | H4: 비 고
B5: 월말 점검 입력 | D5: 월말 기입 필수 | F5: 월간 DIV 압력 Trend | H5: 월말 업데이트 필수
B6: DIV 배수 주기 | D6: 발생 시 기입 | F6: 2023년 Trend
B7: DIV 오일 보충 주기 | D7: 발생 시 기입 | F7: 2024년 Trend
B8: DIV 컴프레셔 교체 이력 | D8: 발생 시 기입 | F8: 2025년 Trend
F9: 2026년 Trend
B11: 2. 복 붙 목 차
B13: Raw 데이터 개요 | C13: 이 동 | D13: 비 고 | F13: 편집이 필요할 때 암호를 묻는다면? 7119
B14: 1월DIV 압력 데이터 | D14: 해당 월말 복붙
B15: 2월DIV 압력 데이터 | D15: 해당 월말 복붙
B16: 3월DIV 압력 데이터 | D16: 해당 월말 복붙
B17: 4월DIV 압력 데이터 | D17: 해당 월말 복붙
B18: 5월DIV 압력 데이터 | D18: 해당 월말 복붙
B19: 6월DIV 압력 데이터 | D19: 해당 월말 복붙
B20: 7월DIV 압력 데이터 | D20: 해당 월말 복붙
B21: 8월DIV 압력 데이터 | D21: 해당 월말 복붙
B22: 9월DIV 압력 데이터 | D22: 해당 월말 복붙
B23: 10월DIV 압력 데이터 | D23: 해당 월말 복붙
B24: 11월DIV 압력 데이터 | D24: 해당 월말 복붙
B25: 12월DIV 압력 데이터 | D25: 해당 월말 복붙
B26: 전체 DIV 압력 데이터 | D26: 년말 복붙 필수

Sheet 매 월말 점검시 입력
B2: =TODAY() -> 46073 | J2: <- 0. 회색 영역은 자동 생성됨.
B3: =MONTH(B2) -> 2 | C3: =YEAR(B2) -> 2026
B4: 년 | C4: 월 | D4: 층 | E4: 위치 | F4: 번호 | G4: 1차 | H4: 2차 | I4: 챔버
B5: =YEAR($B$2) -> 2026 | C5: =MONTH($B$2) -> 2 | D5: 9 | E5: 3 | F5: =D5&"-"&E5 -> 9-3 | G5: 5 | H5: 3.2 | I5: 5 | J5: <- 1. 주황색 영역에 점검표 순서대로 기입.
B6: =YEAR($B$2) -> 2026 | C6: =MONTH($B$2) -> 2 | D6: 8 | E6: 1 | F6: =D6&"-"&E6 -> 8-1 | G6: 4.8 | H6: 3.2 | I6: 5
B7: =YEAR($B$2) -> 2026 | C7: =MONTH($B$2) -> 2 | D7: 8 | E7: 2 | F7: =D7&"-"&E7 -> 8-2 | G7: 5 | H7: 3 | I7: 5
B8: =YEAR($B$2) -> 2026 | C8: =MONTH($B$2) -> 2 | D8: 8 | E8: 3 | F8: =D8&"-"&E8 -> 8-3 | G8: 5 | H8: 3.8 | I8: 5
B9: =YEAR($B$2) -> 2026 | C9: =MONTH($B$2) -> 2 | D9: 7 | E9: 1 | F9: =D9&"-"&E9 -> 7-1 | G9: 5.1 | H9: 3.2 | I9: 5.3
B10: =YEAR($B$2) -> 2026 | C10: =MONTH($B$2) -> 2 | D10: 7 | E10: 2 | F10: =D10&"-"&E10 -> 7-2 | G10: 5 | H10: 3.3 | I10: 5.8
B11: =YEAR($B$2) -> 2026 | C11: =MONTH($B$2) -> 2 | D11: 7 | E11: 3 | F11: =D11&"-"&E11 -> 7-3 | G11: 5.5 | H11: 3.4 | I11: 5
B12: =YEAR($B$2) -> 2026 | C12: =MONTH($B$2) -> 2 | D12: 6 | E12: 1 | F12: =D12&"-"&E12 -> 6-1 | G12: 6 | H12: 3.4 | I12: 6.3
B13: =YEAR($B$2) -> 2026 | C13: =MONTH($B$2) -> 2 | D13: 6 | E13: 2 | F13: =D13&"-"&E13 -> 6-2 | G13: 6 | H13: 3.3 | I13: 6
B14: =YEAR($B$2) -> 2026 | C14: =MONTH($B$2) -> 2 | D14: 6 | E14: 3 | F14: =D14&"-"&E14 -> 6-3 | G14: 6 | H14: 3.2 | I14: 6
B15: =YEAR($B$2) -> 2026 | C15: =MONTH($B$2) -> 2 | D15: 5 | E15: 1 | F15: =D15&"-"&E15 -> 5-1 | G15: 6.8 | H15: 3.5 | I15: 6.8
B16: =YEAR($B$2) -> 2026 | C16: =MONTH($B$2) -> 2 | D16: 5 | E16: 2 | F16: =D16&"-"&E16 -> 5-2 | G16: 6.6 | H16: 3.3 | I16: 6.7
B17: =YEAR($B$2) -> 2026 | C17: =MONTH($B$2) -> 2 | D17: 5 | E17: 3 | F17: =D17&"-"&E17 -> 5-3 | G17: 6.2 | H17: 3.8 | I17: 6.5
... B37: =YEAR($B$2) -> 2026 | C37: =MONTH($B$2) -> 2 | D37: -5 | E37: 2 | F37: =D37&"-"&E37 -> -5-2 | G37: 10 | H37: 3.7 | I37: 10
B38: =YEAR($B$2) -> 2026 | C38: =MONTH($B$2) -> 2 | D38: -5 | E38: 3 | F38: =D38&"-"&E38 -> -5-3 | G38: 10 | H38: 3 | I38: 10.1 | J38: <- 2. 굵은 선 영역 선택 후 복사 > 해당 월 시트 첫번째 셀 마우스 우클릭 > 선택하여 붙여넣기 > 값 붙여넣기 > 값

Sheet (년말) DIV 압력 RAW 복붙
A18: 1. 매년 12월이 끝나기 전, 회색 영역 선택 후 복사.
A19: 2. 표 바로 아랫 줄 첫 셀에서 마우스 우클릭 > 선택하여 붙여넣기> 값 붙여넣기> 값
A21: DIV Pressure Raw
A23: 년 | B23: 월 | C23: 년월 | D23: 층 | E23: 위치 | F23: 번호 | G23: 1차 | H23: 2차 | I23: 챔버
A24: ='1월'!A4 -> 2026 | B24: ='1월'!B4 -> 1 | C24: =RIGHT(A24,2)*100+'1월'!B4 -> 2601 | D24: ='1월'!C4 -> 9 | E24: ='1월'!D4 -> 3 | F24: ='1월'!E4 -> 9-3 | G24: =IFERROR(VLOOKUP($F24,'1월'!$E$4:$H$37,2,0),0) -> 4.9 | H24: =IFERROR(VLOOKUP($F24,'1월'!$E$4:$H$37,3,0),0) -> 3.2 | I24: =IFERROR(VLOOKUP($F24,'1월'!$E$4:$H$37,4,0),0) -> 4.7
A25: ='1월'!A5 -> 2026 | B25: ='1월'!B5 -> 1 | C25: =RIGHT(A25,2)*100+'1월'!B5 -> 2601 | D25: ='1월'!C5 -> 8 | E25: ='1월'!D5 -> 1 | F25: ='1월'!E5 -> 8-1 | G25: =IFERROR(VLOOKUP($F25,'1월'!$E$4:$H$37,2,0),0) -> 4.6 | H25: =IFERROR(VLOOKUP($F25,'1월'!$E$4:$H$37,3,0),0) -> 3.2 | I25: =IFERROR(VLOOKUP($F25,'1월'!$E$4:$H$37,4,0),0) -> 5
A26: ='1월'!A6 -> 2026 | B26: ='1월'!B6 -> 1 | C26: =RIGHT(A26,2)*100+'1월'!B6 -> 2601 | D26: ='1월'!C6 -> 8 | E26: ='1월'!D6 -> 2 | F26: ='1월'!E6 -> 8-2 | G26: =IFERROR(VLOOKUP($F26,'1월'!$E$4:$H$37,2,0),0) -> 5 | H26: =IFERROR(VLOOKUP($F26,'1월'!$E$4:$H$37,3,0),0) -> 3 | I26: =IFERROR(VLOOKUP($F26,'1월'!$E$4:$H$37,4,0),0) -> 5
A27: ='1월'!A7 -> 2026 | B27: ='1월'!B7 -> 1 | C27: =RIGHT(A27,2)*100+'1월'!B7 -> 2601 | D27: ='1월'!C7 -> 8 | E27: ='1월'!D7 -> 3 | F27: ='1월'!E7 -> 8-3 | G27: =IFERROR(VLOOKUP($F27,'1월'!$E$4:$H$37,2,0),0) -> 5 | H27: =IFERROR(VLOOKUP($F27,'1월'!$E$4:$H$37,3,0),0) -> 3.8 | I27: =IFERROR(VLOOKUP($F27,'1월'!$E$4:$H$37,4,0),0) -> 5
A28: ='1월'!A8 -> 2026 | B28: ='1월'!B8 -> 1 | C28: =RIGHT(A28,2)*100+'1월'!B8 -> 2601 | D28: ='1월'!C8 -> 7 | E28: ='1월'!D8 -> 1 | F28: ='1월'!E8 -> 7-1 | G28: =IFERROR(VLOOKUP($F28,'1월'!$E$4:$H$37,2,0),0) -> 5.1 | H28: =IFERROR(VLOOKUP($F28,'1월'!$E$4:$H$37,3,0),0) -> 3.2 | I28: =IFERROR(VLOOKUP($F28,'1월'!$E$4:$H$37,4,0),0) -> 5.3
A29: ='1월'!A9 -> 2026 | B29: ='1월'!B9 -> 1 | C29: =RIGHT(A29,2)*100+'1월'!B9 -> 2601 | D29: ='1월'!C9 -> 7 | E29: ='1월'!D9 -> 2 | F29: ='1월'!E9 -> 7-2 | G29: =IFERROR(VLOOKUP($F29,'1월'!$E$4:$H$37,2,0),0) -> 5 | H29: =IFERROR(VLOOKUP($F29,'1월'!$E$4:$H$37,3,0),0) -> 3.3 | I29: =IFERROR(VLOOKUP($F29,'1월'!$E$4:$H$37,4,0),0) -> 5.5
A30: ='1월'!A10 -> 2026 | B30: ='1월'!B10 -> 1 | C30: =RIGHT(A30,2)*100+'1월'!B10 -> 2601 | D30: ='1월'!C10 -> 7 | E30: ='1월'!D10 -> 3 | F30: ='1월'!E10 -> 7-3 | G30: =IFERROR(VLOOKUP($F30,'1월'!$E$4:$H$37,2,0),0) -> 5.4 | H30: =IFERROR(VLOOKUP($F30,'1월'!$E$4:$H$37,3,0),0) -> 3.3 | I30: =IFERROR(VLOOKUP($F30,'1월'!$E$4:$H$37,4,0),0) -> 5
A31: ='1월'!A11 -> 2026 | B31: ='1월'!B11 -> 1 | C31: =RIGHT(A31,2)*100+'1월'!B11 -> 2601 | D31: ='1월'!C11 -> 6 | E31: ='1월'!D11 -> 1 | F31: ='1월'!E11 -> 6-1 | G31: =IFERROR(VLOOKUP($F31,'1월'!$E$4:$H$37,2,0),0) -> 6 | H31: =IFERROR(VLOOKUP($F31,'1월'!$E$4:$H$37,3,0),0) -> 3.3 | I31: =IFERROR(VLOOKUP($F31,'1월'!$E$4:$H$37,4,0),0) -> 6.4
A32: ='1월'!A12 -> 2026 | B32: ='1월'!B12 -> 1 | C32: =RIGHT(A32,2)*100+'1월'!B12 -> 2601 | D32: ='1월'!C12 -> 6 | E32: ='1월'!D12 -> 2 | F32: ='1월'!E12 -> 6-2 | G32: =IFERROR(VLOOKUP($F32,'1월'!$E$4:$H$37,2,0),0) -> 6 | H32: =IFERROR(VLOOKUP($F32,'1월'!$E$4:$H$37,3,0),0) -> 3.2 | I32: =IFERROR(VLOOKUP($F32,'1월'!$E$4:$H$37,4,0),0) -> 6
A33: ='1월'!A13 -> 2026 | B33: ='1월'!B13 -> 1 | C33: =RIGHT(A33,2)*100+'1월'!B13 -> 2601 | D33: ='1월'!C13 -> 6 | E33: ='1월'!D13 -> 3 | F33: ='1월'!E13 -> 6-3 | G33: =IFERROR(VLOOKUP($F33,'1월'!$E$4:$H$37,2,0),0) -> 6 | H33: =IFERROR(VLOOKUP($F33,'1월'!$E$4:$H$37,3,0),0) -> 3.2 | I33: =IFERROR(VLOOKUP($F33,'1월'!$E$4:$H$37,4,0),0) -> 6
A34: ='1월'!A14 -> 2026 | B34: ='1월'!B14 -> 1 | C34: =RIGHT(A34,2)*100+'1월'!B14 -> 2601 | D34: ='1월'!C14 -> 5 | E34: ='1월'!D14 -> 1 | F34: ='1월'!E14 -> 5-1 | G34: =IFERROR(VLOOKUP($F34,'1월'!$E$4:$H$37,2,0),0) -> 6.8 | H34: =IFERROR(VLOOKUP($F34,'1월'!$E$4:$H$37,3,0),0) -> 3.5 | I34: =IFERROR(VLOOKUP($F34,'1월'!$E$4:$H$37,4,0),0) -> 6.8
A35: ='1월'!A15 -> 2026 | B35: ='1월'!B15 -> 1 | C35: =RIGHT(A35,2)*100+'1월'!B15 -> 2601 | D35: ='1월'!C15 -> 5 | E35: ='1월'!D15 -> 2 | F35: ='1월'!E15 -> 5-2 | G35: =IFERROR(VLOOKUP($F35,'1월'!$E$4:$H$37,2,0),0) -> 6.5 | H35: =IFERROR(VLOOKUP($F35,'1월'!$E$4:$H$37,3,0),0) -> 3.3 | I35: =IFERROR(VLOOKUP($F35,'1월'!$E$4:$H$37,4,0),0) -> 6.7
... A57: ='1월'!A37 -> 2026 | B57: ='1월'!B37 -> 1 | C57: =RIGHT(A57,2)*100+'1월'!B37 -> 2601 | D57: ='1월'!C37 -> -5 | E57: ='1월'!D37 -> 3 | F57: ='1월'!E37 -> -5-3 | G57: =IFERROR(VLOOKUP($F57,'1월'!$E$4:$H$37,2,0),0) -> 10 | H57: =IFERROR(VLOOKUP($F57,'1월'!$E$4:$H$37,3,0),0) -> 3 | I57: =IFERROR(VLOOKUP($F57,'1월'!$E$4:$H$37,4,0),0) -> 10
A58: ='2월'!A4 -> 2026 | B58: ='2월'!B4 -> 2 | C58: =RIGHT(A58,2)*100+'2월'!B4 -> 2602 | D58: ='2월'!C4 -> 9 | E58: ='2월'!D4 -> 3 | F58: ='2월'!E4 -> 9-3 | G58: =IFERROR(VLOOKUP($F58,'2월'!$E$4:$H$37,2,0),0) -> 5 | H58: =IFERROR(VLOOKUP($F58,'2월'!$E$4:$H$37,3,0),0) -> 3.2 | I58: =IFERROR(VLOOKUP($F58,'2월'!$E$4:$H$37,4,0),0) -> 5
A59: ='2월'!A5 -> 2026 | B59: ='2월'!B5 -> 2 | C59: =RIGHT(A59,2)*100+'2월'!B5 -> 2602 | D59: ='2월'!C5 -> 8 | E59: ='2월'!D5 -> 1 | F59: ='2월'!E5 -> 8-1 | G59: =IFERROR(VLOOKUP($F59,'2월'!$E$4:$H$37,2,0),0) -> 4.8 | H59: =IFERROR(VLOOKUP($F59,'2월'!$E$4:$H$37,3,0),0) -> 3.2 | I59: =IFERROR(VLOOKUP($F59,'2월'!$E$4:$H$37,4,0),0) -> 5
A60: ='2월'!A6 -> 2026 | B60: ='2월'!B6 -> 2 | C60: =RIGHT(A60,2)*100+'2월'!B6 -> 2602 | D60: ='2월'!C6 -> 8 | E60: ='2월'!D6 -> 2 | F60: ='2월'!E6 -> 8-2 | G60: =IFERROR(VLOOKUP($F60,'2월'!$E$4:$H$37,2,0),0) -> 5 | H60: =IFERROR(VLOOKUP($F60,'2월'!$E$4:$H$37,3,0),0) -> 3 | I60: =IFERROR(VLOOKUP($F60,'2월'!$E$4:$H$37,4,0),0) -> 5
A61: ='2월'!A7 -> 2026 | B61: ='2월'!B7 -> 2 | C61: =RIGHT(A61,2)*100+'2월'!B7 -> 2602 | D61: ='2월'!C7 -> 8 | E61: ='2월'!D7 -> 3 | F61: ='2월'!E7 -> 8-3 | G61: =IFERROR(VLOOKUP($F61,'2월'!$E$4:$H$37,2,0),0) -> 5 | H61: =IFERROR(VLOOKUP($F61,'2월'!$E$4:$H$37,3,0),0) -> 3.8 | I61: =IFERROR(VLOOKUP($F61,'2월'!$E$4:$H$37,4,0),0) -> 5
A62: ='2월'!A8 -> 2026 | B62: ='2월'!B8 -> 2 | C62: =RIGHT(A62,2)*100+'2월'!B8 -> 2602 | D62: ='2월'!C8 -> 7 | E62: ='2월'!D8 -> 1 | F62: ='2월'!E8 -> 7-1 | G62: =IFERROR(VLOOKUP($F62,'2월'!$E$4:$H$37,2,0),0) -> 5.1 | H62: =IFERROR(VLOOKUP($F62,'2월'!$E$4:$H$37,3,0),0) -> 3.2 | I62: =IFERROR(VLOOKUP($F62,'2월'!$E$4:$H$37,4,0),0) -> 5.3
A63: ='2월'!A9 -> 2026 | B63: ='2월'!B9 -> 2 | C63: =RIGHT(A63,2)*100+'2월'!B9 -> 2602 | D63: ='2월'!C9 -> 7 | E63: ='2월'!D9 -> 2 | F63: ='2월'!E9 -> 7-2 | G63: =IFERROR(VLOOKUP($F63,'2월'!$E$4:$H$37,2,0),0) -> 5 | H63: =IFERROR(VLOOKUP($F63,'2월'!$E$4:$H$37,3,0),0) -> 3.3 | I63: =IFERROR(VLOOKUP($F63,'2월'!$E$4:$H$37,4,0),0) -> 5.8
A64: ='2월'!A10 -> 2026 | B64: ='2월'!B10 -> 2 | C64: =RIGHT(A64,2)*100+'2월'!B10 -> 2602 | D64: ='2월'!C10 -> 7 | E64: ='2월'!D10 -> 3 | F64: ='2월'!E10 -> 7-3 | G64: =IFERROR(VLOOKUP($F64,'2월'!$E$4:$H$37,2,0),0) -> 5.5 | H64: =IFERROR(VLOOKUP($F64,'2월'!$E$4:$H$37,3,0),0) -> 3.4 | I64: =IFERROR(VLOOKUP($F64,'2월'!$E$4:$H$37,4,0),0) -> 5
A65: ='2월'!A11 -> 2026 | B65: ='2월'!B11 -> 2 | C65: =RIGHT(A65,2)*100+'2월'!B11 -> 2602 | D65: ='2월'!C11 -> 6 | E65: ='2월'!D11 -> 1 | F65: ='2월'!E11 -> 6-1 | G65: =IFERROR(VLOOKUP($F65,'2월'!$E$4:$H$37,2,0),0) -> 6 | H65: =IFERROR(VLOOKUP($F65,'2월'!$E$4:$H$37,3,0),0) -> 3.4 | I65: =IFERROR(VLOOKUP($F65,'2월'!$E$4:$H$37,4,0),0) -> 6.3
A66: ='2월'!A12 -> 2026 | B66: ='2월'!B12 -> 2 | C66: =RIGHT(A66,2)*100+'2월'!B12 -> 2602 | D66: ='2월'!C12 -> 6 | E66: ='2월'!D12 -> 2 | F66: ='2월'!E12 -> 6-2 | G66: =IFERROR(VLOOKUP($F66,'2월'!$E$4:$H$37,2,0),0) -> 6 | H66: =IFERROR(VLOOKUP($F66,'2월'!$E$4:$H$37,3,0),0) -> 3.3 | I66: =IFERROR(VLOOKUP($F66,'2월'!$E$4:$H$37,4,0),0) -> 6
A67: ='2월'!A13 -> 2026 | B67: ='2월'!B13 -> 2 | C67: =RIGHT(A67,2)*100+'2월'!B13 -> 2602 | D67: ='2월'!C13 -> 6 | E67: ='2월'!D13 -> 3 | F67: ='2월'!E13 -> 6-3 | G67: =IFERROR(VLOOKUP($F67,'2월'!$E$4:$H$37,2,0),0) -> 6 | H67: =IFERROR(VLOOKUP($F67,'2월'!$E$4:$H$37,3,0),0) -> 3.2 | I67: =IFERROR(VLOOKUP($F67,'2월'!$E$4:$H$37,4,0),0) -> 6
A68: ='2월'!A14 -> 2026 | B68: ='2월'!B14 -> 2 | C68: =RIGHT(A68,2)*100+'2월'!B14 -> 2602 | D68: ='2월'!C14 -> 5 | E68: ='2월'!D14 -> 1 | F68: ='2월'!E14 -> 5-1 | G68: =IFERROR(VLOOKUP($F68,'2월'!$E$4:$H$37,2,0),0) -> 6.8 | H68: =IFERROR(VLOOKUP($F68,'2월'!$E$4:$H$37,3,0),0) -> 3.5 | I68: =IFERROR(VLOOKUP($F68,'2월'!$E$4:$H$37,4,0),0) -> 6.8
A69: ='2월'!A15 -> 2026 | B69: ='2월'!B15 -> 2 | C69: =RIGHT(A69,2)*100+'2월'!B15 -> 2602 | D69: ='2월'!C15 -> 5 | E69: ='2월'!D15 -> 2 | F69: ='2월'!E15 -> 5-2 | G69: =IFERROR(VLOOKUP($F69,'2월'!$E$4:$H$37,2,0),0) -> 6.6 | H69: =IFERROR(VLOOKUP($F69,'2월'!$E$4:$H$37,3,0),0) -> 3.3 | I69: =IFERROR(VLOOKUP($F69,'2월'!$E$4:$H$37,4,0),0) -> 6.7
... A91: ='2월'!A37 -> 2026 | B91: ='2월'!B37 -> 2 | C91: =RIGHT(A91,2)*100+'2월'!B37 -> 2602 | D91: ='2월'!C37 -> -5 | E91: ='2월'!D37 -> 3 | F91: ='2월'!E37 -> -5-3 | G91: =IFERROR(VLOOKUP($F91,'2월'!$E$4:$H$37,2,0),0) -> 10 | H91: =IFERROR(VLOOKUP($F91,'2월'!$E$4:$H$37,3,0),0) -> 3 | I91: =IFERROR(VLOOKUP($F91,'2월'!$E$4:$H$37,4,0),0) -> 10.1
A92: ='3월'!A4 -> 2025 | B92: ='3월'!B4 -> 3 | C92: =RIGHT(A92,2)*100+'3월'!B4 -> 2503 | D92: ='3월'!C4 -> 9 | E92: ='3월'!D4 -> 3 | F92: ='3월'!E4 -> 9-3 | G92: =IFERROR(VLOOKUP($F92,'3월'!$E$4:$H$37,2,0),0) -> 5 | H92: =IFERROR(VLOOKUP($F92,'3월'!$E$4:$H$37,3,0),0) -> 3.2 | I92: =IFERROR(VLOOKUP($F92,'3월'!$E$4:$H$37,4,0),0) -> 4.9
A93: ='3월'!A5 -> 2025 | B93: ='3월'!B5 -> 3 | C93: =RIGHT(A93,2)*100+'3월'!B5 -> 2503 | D93: ='3월'!C5 -> 8 | E93: ='3월'!D5 -> 1 | F93: ='3월'!E5 -> 8-1 | G93: =IFERROR(VLOOKUP($F93,'3월'!$E$4:$H$37,2,0),0) -> 4.8 | H93: =IFERROR(VLOOKUP($F93,'3월'!$E$4:$H$37,3,0),0) -> 3.1 | I93: =IFERROR(VLOOKUP($F93,'3월'!$E$4:$H$37,4,0),0) -> 5
A94: ='3월'!A6 -> 2025 | B94: ='3월'!B6 -> 3 | C94: =RIGHT(A94,2)*100+'3월'!B6 -> 2503 | D94: ='3월'!C6 -> 8 | E94: ='3월'!D6 -> 2 | F94: ='3월'!E6 -> 8-2 | G94: =IFERROR(VLOOKUP($F94,'3월'!$E$4:$H$37,2,0),0) -> 5 | H94: =IFERROR(VLOOKUP($F94,'3월'!$E$4:$H$37,3,0),0) -> 3 | I94: =IFERROR(VLOOKUP($F94,'3월'!$E$4:$H$37,4,0),0) -> 5
A95: ='3월'!A7 -> 2025 | B95: ='3월'!B7 -> 3 | C95: =RIGHT(A95,2)*100+'3월'!B7 -> 2503 | D95: ='3월'!C7 -> 8 | E95: ='3월'!D7 -> 3 | F95: ='3월'!E7 -> 8-3 | G95: =IFERROR(VLOOKUP($F95,'3월'!$E$4:$H$37,2,0),0) -> 5 | H95: =IFERROR(VLOOKUP($F95,'3월'!$E$4:$H$37,3,0),0) -> 3.8 | I95: =IFERROR(VLOOKUP($F95,'3월'!$E$4:$H$37,4,0),0) -> 5
A96: ='3월'!A8 -> 2025 | B96: ='3월'!B8 -> 3 | C96: =RIGHT(A96,2)*100+'3월'!B8 -> 2503 | D96: ='3월'!C8 -> 7 | E96: ='3월'!D8 -> 1 | F96: ='3월'!E8 -> 7-1 | G96: =IFERROR(VLOOKUP($F96,'3월'!$E$4:$H$37,2,0),0) -> 5.2 | H96: =IFERROR(VLOOKUP($F96,'3월'!$E$4:$H$37,3,0),0) -> 3.3 | I96: =IFERROR(VLOOKUP($F96,'3월'!$E$4:$H$37,4,0),0) -> 5.4
A97: ='3월'!A9 -> 2025 | B97: ='3월'!B9 -> 3 | C97: =RIGHT(A97,2)*100+'3월'!B9 -> 2503 | D97: ='3월'!C9 -> 7 | E97: ='3월'!D9 -> 2 | F97: ='3월'!E9 -> 7-2 | G97: =IFERROR(VLOOKUP($F97,'3월'!$E$4:$H$37,2,0),0) -> 5 | H97: =IFERROR(VLOOKUP($F97,'3월'!$E$4:$H$37,3,0),0) -> 3.3 | I97: =IFERROR(VLOOKUP($F97,'3월'!$E$4:$H$37,4,0),0) -> 5.8
A98: ='3월'!A10 -> 2025 | B98: ='3월'!B10 -> 3 | C98: =RIGHT(A98,2)*100+'3월'!B10 -> 2503 | D98: ='3월'!C10 -> 7 | E98: ='3월'!D10 -> 3 | F98: ='3월'!E10 -> 7-3 | G98: =IFERROR(VLOOKUP($F98,'3월'!$E$4:$H$37,2,0),0) -> 5.6 | H98: =IFERROR(VLOOKUP($F98,'3월'!$E$4:$H$37,3,0),0) -> 3.5 | I98: =IFERROR(VLOOKUP($F98,'3월'!$E$4:$H$37,4,0),0) -> 5
A99: ='3월'!A11 -> 2025 | B99: ='3월'!B11 -> 3 | C99: =RIGHT(A99,2)*100+'3월'!B11 -> 2503 | D99: ='3월'!C11 -> 6 | E99: ='3월'!D11 -> 1 | F99: ='3월'!E11 -> 6-1 | G99: =IFERROR(VLOOKUP($F99,'3월'!$E$4:$H$37,2,0),0) -> 6.1 | H99: =IFERROR(VLOOKUP($F99,'3월'!$E$4:$H$37,3,0),0) -> 3.4 | I99: =IFERROR(VLOOKUP($F99,'3월'!$E$4:$H$37,4,0),0) -> 6.5
A100: ='3월'!A12 -> 2025 | B100: ='3월'!B12 -> 3 | C100: =RIGHT(A100,2)*100+'3월'!B12 -> 2503 | D100: ='3월'!C12 -> 6 | E100: ='3월'!D12 -> 2 | F100: ='3월'!E12 -> 6-2 | G100: =IFERROR(VLOOKUP($F100,'3월'!$E$4:$H$37,2,0),0) -> 6 | H100: =IFERROR(VLOOKUP($F100,'3월'!$E$4:$H$37,3,0),0) -> 3.4 | I100: =IFERROR(VLOOKUP($F100,'3월'!$E$4:$H$37,4,0),0) -> 6
A101: ='3월'!A13 -> 2025 | B101: ='3월'!B13 -> 3 | C101: =RIGHT(A101,2)*100+'3월'!B13 -> 2503 | D101: ='3월'!C13 -> 6 | E101: ='3월'!D13 -> 3 | F101: ='3월'!E13 -> 6-3 | G101: =IFERROR(VLOOKUP($F101,'3월'!$E$4:$H$37,2,0),0) -> 6.1 | H101: =IFERROR(VLOOKUP($F101,'3월'!$E$4:$H$37,3,0),0) -> 3.3 | I101: =IFERROR(VLOOKUP($F101,'3월'!$E$4:$H$37,4,0),0) -> 6
A102: ='3월'!A14 -> 2025 | B102: ='3월'!B14 -> 3 | C102: =RIGHT(A102,2)*100+'3월'!B14 -> 2503 | D102: ='3월'!C14 -> 5 | E102: ='3월'!D14 -> 1 | F102: ='3월'!E14 -> 5-1 | G102: =IFERROR(VLOOKUP($F102,'3월'!$E$4:$H$37,2,0),0) -> 7 | H102: =IFERROR(VLOOKUP($F102,'3월'!$E$4:$H$37,3,0),0) -> 3.5 | I102: =IFERROR(VLOOKUP($F102,'3월'!$E$4:$H$37,4,0),0) -> 6.8
A103: ='3월'!A15 -> 2025 | B103: ='3월'!B15 -> 3 | C103: =RIGHT(A103,2)*100+'3월'!B15 -> 2503 | D103: ='3월'!C15 -> 5 | E103: ='3월'!D15 -> 2 | F103: ='3월'!E15 -> 5-2 | G103: =IFERROR(VLOOKUP($F103,'3월'!$E$4:$H$37,2,0),0) -> 6.6 | H103: =IFERROR(VLOOKUP($F103,'3월'!$E$4:$H$37,3,0),0) -> 3.4 | I103: =IFERROR(VLOOKUP($F103,'3월'!$E$4:$H$37,4,0),0) -> 6.9
... A125: ='3월'!A37 -> 2025 | B125: ='3월'!B37 -> 3 | C125: =RIGHT(A125,2)*100+'3월'!B37 -> 2503 | D125: ='3월'!C37 -> -5 | E125: ='3월'!D37 -> 3 | F125: ='3월'!E37 -> -5-3 | G125: =IFERROR(VLOOKUP($F125,'3월'!$E$4:$H$37,2,0),0) -> 10.1 | H125: =IFERROR(VLOOKUP($F125,'3월'!$E$4:$H$37,3,0),0) -> 2 | I125: =IFERROR(VLOOKUP($F125,'3월'!$E$4:$H$37,4,0),0) -> 10.1
A126: ='4월'!A4 -> 2025 | B126: ='4월'!B4 -> 4 | C126: =RIGHT(A126,2)*100+'4월'!B4 -> 2504 | D126: ='4월'!C4 -> 9 | E126: ='4월'!D4 -> 3 | F126: ='4월'!E4 -> 9-3 | G126: =IFERROR(VLOOKUP($F126,'4월'!$E$4:$H$37,2,0),0) -> 5 | H126: =IFERROR(VLOOKUP($F126,'4월'!$E$4:$H$37,3,0),0) -> 3.2 | I126: =IFERROR(VLOOKUP($F126,'4월'!$E$4:$H$37,4,0),0) -> 4.9
A127: ='4월'!A5 -> 2025 | B127: ='4월'!B5 -> 4 | C127: =RIGHT(A127,2)*100+'4월'!B5 -> 2504 | D127: ='4월'!C5 -> 8 | E127: ='4월'!D5 -> 1 | F127: ='4월'!E5 -> 8-1 | G127: =IFERROR(VLOOKUP($F127,'4월'!$E$4:$H$37,2,0),0) -> 4.8 | H127: =IFERROR(VLOOKUP($F127,'4월'!$E$4:$H$37,3,0),0) -> 3.1 | I127: =IFERROR(VLOOKUP($F127,'4월'!$E$4:$H$37,4,0),0) -> 5
A128: ='4월'!A6 -> 2025 | B128: ='4월'!B6 -> 4 | C128: =RIGHT(A128,2)*100+'4월'!B6 -> 2504 | D128: ='4월'!C6 -> 8 | E128: ='4월'!D6 -> 2 | F128: ='4월'!E6 -> 8-2 | G128: =IFERROR(VLOOKUP($F128,'4월'!$E$4:$H$37,2,0),0) -> 5 | H128: =IFERROR(VLOOKUP($F128,'4월'!$E$4:$H$37,3,0),0) -> 3 | I128: =IFERROR(VLOOKUP($F128,'4월'!$E$4:$H$37,4,0),0) -> 5
A129: ='4월'!A7 -> 2025 | B129: ='4월'!B7 -> 4 | C129: =RIGHT(A129,2)*100+'4월'!B7 -> 2504 | D129: ='4월'!C7 -> 8 | E129: ='4월'!D7 -> 3 | F129: ='4월'!E7 -> 8-3 | G129: =IFERROR(VLOOKUP($F129,'4월'!$E$4:$H$37,2,0),0) -> 5 | H129: =IFERROR(VLOOKUP($F129,'4월'!$E$4:$H$37,3,0),0) -> 3.8 | I129: =IFERROR(VLOOKUP($F129,'4월'!$E$4:$H$37,4,0),0) -> 5
A130: ='4월'!A8 -> 2025 | B130: ='4월'!B8 -> 4 | C130: =RIGHT(A130,2)*100+'4월'!B8 -> 2504 | D130: ='4월'!C8 -> 7 | E130: ='4월'!D8 -> 1 | F130: ='4월'!E8 -> 7-1 | G130: =IFERROR(VLOOKUP($F130,'4월'!$E$4:$H$37,2,0),0) -> 5.1 | H130: =IFERROR(VLOOKUP($F130,'4월'!$E$4:$H$37,3,0),0) -> 3.2 | I130: =IFERROR(VLOOKUP($F130,'4월'!$E$4:$H$37,4,0),0) -> 5.4
A131: ='4월'!A9 -> 2025 | B131: ='4월'!B9 -> 4 | C131: =RIGHT(A131,2)*100+'4월'!B9 -> 2504 | D131: ='4월'!C9 -> 7 | E131: ='4월'!D9 -> 2 | F131: ='4월'!E9 -> 7-2 | G131: =IFERROR(VLOOKUP($F131,'4월'!$E$4:$H$37,2,0),0) -> 5 | H131: =IFERROR(VLOOKUP($F131,'4월'!$E$4:$H$37,3,0),0) -> 3.3 | I131: =IFERROR(VLOOKUP($F131,'4월'!$E$4:$H$37,4,0),0) -> 5.8
A132: ='4월'!A10 -> 2025 | B132: ='4월'!B10 -> 4 | C132: =RIGHT(A132,2)*100+'4월'!B10 -> 2504 | D132: ='4월'!C10 -> 7 | E132: ='4월'!D10 -> 3 | F132: ='4월'!E10 -> 7-3 | G132: =IFERROR(VLOOKUP($F132,'4월'!$E$4:$H$37,2,0),0) -> 5.7 | H132: =IFERROR(VLOOKUP($F132,'4월'!$E$4:$H$37,3,0),0) -> 3.5 | I132: =IFERROR(VLOOKUP($F132,'4월'!$E$4:$H$37,4,0),0) -> 5
A133: ='4월'!A11 -> 2025 | B133: ='4월'!B11 -> 4 | C133: =RIGHT(A133,2)*100+'4월'!B11 -> 2504 | D133: ='4월'!C11 -> 6 | E133: ='4월'!D11 -> 1 | F133: ='4월'!E11 -> 6-1 | G133: =IFERROR(VLOOKUP($F133,'4월'!$E$4:$H$37,2,0),0) -> 6.1 | H133: =IFERROR(VLOOKUP($F133,'4월'!$E$4:$H$37,3,0),0) -> 3.4 | I133: =IFERROR(VLOOKUP($F133,'4월'!$E$4:$H$37,4,0),0) -> 6.7
A134: ='4월'!A12 -> 2025 | B134: ='4월'!B12 -> 4 | C134: =RIGHT(A134,2)*100+'4월'!B12 -> 2504 | D134: ='4월'!C12 -> 6 | E134: ='4월'!D12 -> 2 | F134: ='4월'!E12 -> 6-2 | G134: =IFERROR(VLOOKUP($F134,'4월'!$E$4:$H$37,2,0),0) -> 6 | H134: =IFERROR(VLOOKUP($F134,'4월'!$E$4:$H$37,3,0),0) -> 3.4 | I134: =IFERROR(VLOOKUP($F134,'4월'!$E$4:$H$37,4,0),0) -> 6
A135: ='4월'!A13 -> 2025 | B135: ='4월'!B13 -> 4 | C135: =RIGHT(A135,2)*100+'4월'!B13 -> 2504 | D135: ='4월'!C13 -> 6 | E135: ='4월'!D13 -> 3 | F135: ='4월'!E13 -> 6-3 | G135: =IFERROR(VLOOKUP($F135,'4월'!$E$4:$H$37,2,0),0) -> 6.1 | H135: =IFERROR(VLOOKUP($F135,'4월'!$E$4:$H$37,3,0),0) -> 3.3 | I135: =IFERROR(VLOOKUP($F135,'4월'!$E$4:$H$37,4,0),0) -> 6
A136: ='4월'!A14 -> 2025 | B136: ='4월'!B14 -> 4 | C136: =RIGHT(A136,2)*100+'4월'!B14 -> 2504 | D136: ='4월'!C14 -> 5 | E136: ='4월'!D14 -> 1 | F136: ='4월'!E14 -> 5-1 | G136: =IFERROR(VLOOKUP($F136,'4월'!$E$4:$H$37,2,0),0) -> 7 | H136: =IFERROR(VLOOKUP($F136,'4월'!$E$4:$H$37,3,0),0) -> 3.5 | I136: =IFERROR(VLOOKUP($F136,'4월'!$E$4:$H$37,4,0),0) -> 6.9
A137: ='4월'!A15 -> 2025 | B137: ='4월'!B15 -> 4 | C137: =RIGHT(A137,2)*100+'4월'!B15 -> 2504 | D137: ='4월'!C15 -> 5 | E137: ='4월'!D15 -> 2 | F137: ='4월'!E15 -> 5-2 | G137: =IFERROR(VLOOKUP($F137,'4월'!$E$4:$H$37,2,0),0) -> 6.5 | H137: =IFERROR(VLOOKUP($F137,'4월'!$E$4:$H$37,3,0),0) -> 3.4 | I137: =IFERROR(VLOOKUP($F137,'4월'!$E$4:$H$37,4,0),0) -> 6.8
... A159: ='4월'!A37 -> 2025 | B159: ='4월'!B37 -> 4 | C159: =RIGHT(A159,2)*100+'4월'!B37 -> 2504 | D159: ='4월'!C37 -> -5 | E159: ='4월'!D37 -> 3 | F159: ='4월'!E37 -> -5-3 | G159: =IFERROR(VLOOKUP($F159,'4월'!$E$4:$H$37,2,0),0) -> 10.2 | H159: =IFERROR(VLOOKUP($F159,'4월'!$E$4:$H$37,3,0),0) -> 2.9 | I159: =IFERROR(VLOOKUP($F159,'4월'!$E$4:$H$37,4,0),0) -> 10.2
A160: ='5월'!A4 -> 2025 | B160: ='5월'!B4 -> 5 | C160: =RIGHT(A160,2)*100+'5월'!B4 -> 2505 | D160: ='5월'!C4 -> 9 | E160: ='5월'!D4 -> 3 | F160: ='5월'!E4 -> 9-3 | G160: =IFERROR(VLOOKUP($F160,'5월'!$E$4:$H$37,2,0),0) -> 5 | H160: =IFERROR(VLOOKUP($F160,'5월'!$E$4:$H$37,3,0),0) -> 3.2 | I160: =IFERROR(VLOOKUP($F160,'5월'!$E$4:$H$37,4,0),0) -> 5
A161: ='5월'!A5 -> 2025 | B161: ='5월'!B5 -> 5 | C161: =RIGHT(A161,2)*100+'5월'!B5 -> 2505 | D161: ='5월'!C5 -> 8 | E161: ='5월'!D5 -> 1 | F161: ='5월'!E5 -> 8-1 | G161: =IFERROR(VLOOKUP($F161,'5월'!$E$4:$H$37,2,0),0) -> 4.8 | H161: =IFERROR(VLOOKUP($F161,'5월'!$E$4:$H$37,3,0),0) -> 3 | I161: =IFERROR(VLOOKUP($F161,'5월'!$E$4:$H$37,4,0),0) -> 5
A162: ='5월'!A6 -> 2025 | B162: ='5월'!B6 -> 5 | C162: =RIGHT(A162,2)*100+'5월'!B6 -> 2505 | D162: ='5월'!C6 -> 8 | E162: ='5월'!D6 -> 2 | F162: ='5월'!E6 -> 8-2 | G162: =IFERROR(VLOOKUP($F162,'5월'!$E$4:$H$37,2,0),0) -> 5 | H162: =IFERROR(VLOOKUP($F162,'5월'!$E$4:$H$37,3,0),0) -> 3 | I162: =IFERROR(VLOOKUP($F162,'5월'!$E$4:$H$37,4,0),0) -> 5
A163: ='5월'!A7 -> 2025 | B163: ='5월'!B7 -> 5 | C163: =RIGHT(A163,2)*100+'5월'!B7 -> 2505 | D163: ='5월'!C7 -> 8 | E163: ='5월'!D7 -> 3 | F163: ='5월'!E7 -> 8-3 | G163: =IFERROR(VLOOKUP($F163,'5월'!$E$4:$H$37,2,0),0) -> 5 | H163: =IFERROR(VLOOKUP($F163,'5월'!$E$4:$H$37,3,0),0) -> 3.8 | I163: =IFERROR(VLOOKUP($F163,'5월'!$E$4:$H$37,4,0),0) -> 5
A164: ='5월'!A8 -> 2025 | B164: ='5월'!B8 -> 5 | C164: =RIGHT(A164,2)*100+'5월'!B8 -> 2505 | D164: ='5월'!C8 -> 7 | E164: ='5월'!D8 -> 1 | F164: ='5월'!E8 -> 7-1 | G164: =IFERROR(VLOOKUP($F164,'5월'!$E$4:$H$37,2,0),0) -> 5.3 | H164: =IFERROR(VLOOKUP($F164,'5월'!$E$4:$H$37,3,0),0) -> 3.1 | I164: =IFERROR(VLOOKUP($F164,'5월'!$E$4:$H$37,4,0),0) -> 5.5
A165: ='5월'!A9 -> 2025 | B165: ='5월'!B9 -> 5 | C165: =RIGHT(A165,2)*100+'5월'!B9 -> 2505 | D165: ='5월'!C9 -> 7 | E165: ='5월'!D9 -> 2 | F165: ='5월'!E9 -> 7-2 | G165: =IFERROR(VLOOKUP($F165,'5월'!$E$4:$H$37,2,0),0) -> 5.1 | H165: =IFERROR(VLOOKUP($F165,'5월'!$E$4:$H$37,3,0),0) -> 3.3 | I165: =IFERROR(VLOOKUP($F165,'5월'!$E$4:$H$37,4,0),0) -> 5.8
A166: ='5월'!A10 -> 2025 | B166: ='5월'!B10 -> 5 | C166: =RIGHT(A166,2)*100+'5월'!B10 -> 2505 | D166: ='5월'!C10 -> 7 | E166: ='5월'!D10 -> 3 | F166: ='5월'!E10 -> 7-3 | G166: =IFERROR(VLOOKUP($F166,'5월'!$E$4:$H$37,2,0),0) -> 5.6 | H166: =IFERROR(VLOOKUP($F166,'5월'!$E$4:$H$37,3,0),0) -> 3.5 | I166: =IFERROR(VLOOKUP($F166,'5월'!$E$4:$H$37,4,0),0) -> 5
A167: ='5월'!A11 -> 2025 | B167: ='5월'!B11 -> 5 | C167: =RIGHT(A167,2)*100+'5월'!B11 -> 2505 | D167: ='5월'!C11 -> 6 | E167: ='5월'!D11 -> 1 | F167: ='5월'!E11 -> 6-1 | G167: =IFERROR(VLOOKUP($F167,'5월'!$E$4:$H$37,2,0),0) -> 6.2 | H167: =IFERROR(VLOOKUP($F167,'5월'!$E$4:$H$37,3,0),0) -> 3.4 | I167: =IFERROR(VLOOKUP($F167,'5월'!$E$4:$H$37,4,0),0) -> 6.5
A168: ='5월'!A12 -> 2025 | B168: ='5월'!B12 -> 5 | C168: =RIGHT(A168,2)*100+'5월'!B12 -> 2505 | D168: ='5월'!C12 -> 6 | E168: ='5월'!D12 -> 2 | F168: ='5월'!E12 -> 6-2 | G168: =IFERROR(VLOOKUP($F168,'5월'!$E$4:$H$37,2,0),0) -> 6 | H168: =IFERROR(VLOOKUP($F168,'5월'!$E$4:$H$37,3,0),0) -> 3.5 | I168: =IFERROR(VLOOKUP($F168,'5월'!$E$4:$H$37,4,0),0) -> 6
A169: ='5월'!A13 -> 2025 | B169: ='5월'!B13 -> 5 | C169: =RIGHT(A169,2)*100+'5월'!B13 -> 2505 | D169: ='5월'!C13 -> 6 | E169: ='5월'!D13 -> 3 | F169: ='5월'!E13 -> 6-3 | G169: =IFERROR(VLOOKUP($F169,'5월'!$E$4:$H$37,2,0),0) -> 6.1 | H169: =IFERROR(VLOOKUP($F169,'5월'!$E$4:$H$37,3,0),0) -> 3.3 | I169: =IFERROR(VLOOKUP($F169,'5월'!$E$4:$H$37,4,0),0) -> 6
A170: ='5월'!A14 -> 2025 | B170: ='5월'!B14 -> 5 | C170: =RIGHT(A170,2)*100+'5월'!B14 -> 2505 | D170: ='5월'!C14 -> 5 | E170: ='5월'!D14 -> 1 | F170: ='5월'!E14 -> 5-1 | G170: =IFERROR(VLOOKUP($F170,'5월'!$E$4:$H$37,2,0),0) -> 7 | H170: =IFERROR(VLOOKUP($F170,'5월'!$E$4:$H$37,3,0),0) -> 3.5 | I170: =IFERROR(VLOOKUP($F170,'5월'!$E$4:$H$37,4,0),0) -> 6.9
A171: ='5월'!A15 -> 2025 | B171: ='5월'!B15 -> 5 | C171: =RIGHT(A171,2)*100+'5월'!B15 -> 2505 | D171: ='5월'!C15 -> 5 | E171: ='5월'!D15 -> 2 | F171: ='5월'!E15 -> 5-2 | G171: =IFERROR(VLOOKUP($F171,'5월'!$E$4:$H$37,2,0),0) -> 6.8 | H171: =IFERROR(VLOOKUP($F171,'5월'!$E$4:$H$37,3,0),0) -> 3.4 | I171: =IFERROR(VLOOKUP($F171,'5월'!$E$4:$H$37,4,0),0) -> 6.9
... A193: ='5월'!A37 -> 2025 | B193: ='5월'!B37 -> 5 | C193: =RIGHT(A193,2)*100+'5월'!B37 -> 2505 | D193: ='5월'!C37 -> -5 | E193: ='5월'!D37 -> 3 | F193: ='5월'!E37 -> -5-3 | G193: =IFERROR(VLOOKUP($F193,'5월'!$E$4:$H$37,2,0),0) -> 10.1 | H193: =IFERROR(VLOOKUP($F193,'5월'!$E$4:$H$37,3,0),0) -> 3 | I193: =IFERROR(VLOOKUP($F193,'5월'!$E$4:$H$37,4,0),0) -> 10.1
A194: ='6월'!A4 -> 2025 | B194: ='6월'!B4 -> 6 | C194: =RIGHT(A194,2)*100+'6월'!B4 -> 2506 | D194: ='6월'!C4 -> 9 | E194: ='6월'!D4 -> 3 | F194: ='6월'!E4 -> 9-3 | G194: =IFERROR(VLOOKUP($F194,'6월'!$E$4:$H$37,2,0),0) -> 5 | H194: =IFERROR(VLOOKUP($F194,'6월'!$E$4:$H$37,3,0),0) -> 3.1 | I194: =IFERROR(VLOOKUP($F194,'6월'!$E$4:$H$37,4,0),0) -> 4.9
A195: ='6월'!A5 -> 2025 | B195: ='6월'!B5 -> 6 | C195: =RIGHT(A195,2)*100+'6월'!B5 -> 2506 | D195: ='6월'!C5 -> 8 | E195: ='6월'!D5 -> 1 | F195: ='6월'!E5 -> 8-1 | G195: =IFERROR(VLOOKUP($F195,'6월'!$E$4:$H$37,2,0),0) -> 4.9 | H195: =IFERROR(VLOOKUP($F195,'6월'!$E$4:$H$37,3,0),0) -> 3 | I195: =IFERROR(VLOOKUP($F195,'6월'!$E$4:$H$37,4,0),0) -> 5
A196: ='6월'!A6 -> 2025 | B196: ='6월'!B6 -> 6 | C196: =RIGHT(A196,2)*100+'6월'!B6 -> 2506 | D196: ='6월'!C6 -> 8 | E196: ='6월'!D6 -> 2 | F196: ='6월'!E6 -> 8-2 | G196: =IFERROR(VLOOKUP($F196,'6월'!$E$4:$H$37,2,0),0) -> 5 | H196: =IFERROR(VLOOKUP($F196,'6월'!$E$4:$H$37,3,0),0) -> 3 | I196: =IFERROR(VLOOKUP($F196,'6월'!$E$4:$H$37,4,0),0) -> 5
A197: ='6월'!A7 -> 2025 | B197: ='6월'!B7 -> 6 | C197: =RIGHT(A197,2)*100+'6월'!B7 -> 2506 | D197: ='6월'!C7 -> 8 | E197: ='6월'!D7 -> 3 | F197: ='6월'!E7 -> 8-3 | G197: =IFERROR(VLOOKUP($F197,'6월'!$E$4:$H$37,2,0),0) -> 5 | H197: =IFERROR(VLOOKUP($F197,'6월'!$E$4:$H$37,3,0),0) -> 3.8 | I197: =IFERROR(VLOOKUP($F197,'6월'!$E$4:$H$37,4,0),0) -> 5
A198: ='6월'!A8 -> 2025 | B198: ='6월'!B8 -> 6 | C198: =RIGHT(A198,2)*100+'6월'!B8 -> 2506 | D198: ='6월'!C8 -> 7 | E198: ='6월'!D8 -> 1 | F198: ='6월'!E8 -> 7-1 | G198: =IFERROR(VLOOKUP($F198,'6월'!$E$4:$H$37,2,0),0) -> 5.2 | H198: =IFERROR(VLOOKUP($F198,'6월'!$E$4:$H$37,3,0),0) -> 3 | I198: =IFERROR(VLOOKUP($F198,'6월'!$E$4:$H$37,4,0),0) -> 5.5
A199: ='6월'!A9 -> 2025 | B199: ='6월'!B9 -> 6 | C199: =RIGHT(A199,2)*100+'6월'!B9 -> 2506 | D199: ='6월'!C9 -> 7 | E199: ='6월'!D9 -> 2 | F199: ='6월'!E9 -> 7-2 | G199: =IFERROR(VLOOKUP($F199,'6월'!$E$4:$H$37,2,0),0) -> 5.2 | H199: =IFERROR(VLOOKUP($F199,'6월'!$E$4:$H$37,3,0),0) -> 3.3 | I199: =IFERROR(VLOOKUP($F199,'6월'!$E$4:$H$37,4,0),0) -> 5.8
A200: ='6월'!A10 -> 2025 | B200: ='6월'!B10 -> 6 | C200: =RIGHT(A200,2)*100+'6월'!B10 -> 2506 | D200: ='6월'!C10 -> 7 | E200: ='6월'!D10 -> 3 | F200: ='6월'!E10 -> 7-3 | G200: =IFERROR(VLOOKUP($F200,'6월'!$E$4:$H$37,2,0),0) -> 5.5 | H200: =IFERROR(VLOOKUP($F200,'6월'!$E$4:$H$37,3,0),0) -> 3.4 | I200: =IFERROR(VLOOKUP($F200,'6월'!$E$4:$H$37,4,0),0) -> 5
A201: ='6월'!A11 -> 2025 | B201: ='6월'!B11 -> 6 | C201: =RIGHT(A201,2)*100+'6월'!B11 -> 2506 | D201: ='6월'!C11 -> 6 | E201: ='6월'!D11 -> 1 | F201: ='6월'!E11 -> 6-1 | G201: =IFERROR(VLOOKUP($F201,'6월'!$E$4:$H$37,2,0),0) -> 6.2 | H201: =IFERROR(VLOOKUP($F201,'6월'!$E$4:$H$37,3,0),0) -> 3.3 | I201: =IFERROR(VLOOKUP($F201,'6월'!$E$4:$H$37,4,0),0) -> 6.5
A202: ='6월'!A12 -> 2025 | B202: ='6월'!B12 -> 6 | C202: =RIGHT(A202,2)*100+'6월'!B12 -> 2506 | D202: ='6월'!C12 -> 6 | E202: ='6월'!D12 -> 2 | F202: ='6월'!E12 -> 6-2 | G202: =IFERROR(VLOOKUP($F202,'6월'!$E$4:$H$37,2,0),0) -> 6 | H202: =IFERROR(VLOOKUP($F202,'6월'!$E$4:$H$37,3,0),0) -> 3.2 | I202: =IFERROR(VLOOKUP($F202,'6월'!$E$4:$H$37,4,0),0) -> 6
A203: ='6월'!A13 -> 2025 | B203: ='6월'!B13 -> 6 | C203: =RIGHT(A203,2)*100+'6월'!B13 -> 2506 | D203: ='6월'!C13 -> 6 | E203: ='6월'!D13 -> 3 | F203: ='6월'!E13 -> 6-3 | G203: =IFERROR(VLOOKUP($F203,'6월'!$E$4:$H$37,2,0),0) -> 6.2 | H203: =IFERROR(VLOOKUP($F203,'6월'!$E$4:$H$37,3,0),0) -> 3.2 | I203: =IFERROR(VLOOKUP($F203,'6월'!$E$4:$H$37,4,0),0) -> 6
A204: ='6월'!A14 -> 2025 | B204: ='6월'!B14 -> 6 | C204: =RIGHT(A204,2)*100+'6월'!B14 -> 2506 | D204: ='6월'!C14 -> 5 | E204: ='6월'!D14 -> 1 | F204: ='6월'!E14 -> 5-1 | G204: =IFERROR(VLOOKUP($F204,'6월'!$E$4:$H$37,2,0),0) -> 6.9 | H204: =IFERROR(VLOOKUP($F204,'6월'!$E$4:$H$37,3,0),0) -> 3.5 | I204: =IFERROR(VLOOKUP($F204,'6월'!$E$4:$H$37,4,0),0) -> 6.8
A205: ='6월'!A15 -> 2025 | B205: ='6월'!B15 -> 6 | C205: =RIGHT(A205,2)*100+'6월'!B15 -> 2506 | D205: ='6월'!C15 -> 5 | E205: ='6월'!D15 -> 2 | F205: ='6월'!E15 -> 5-2 | G205: =IFERROR(VLOOKUP($F205,'6월'!$E$4:$H$37,2,0),0) -> 6.7 | H205: =IFERROR(VLOOKUP($F205,'6월'!$E$4:$H$37,3,0),0) -> 3.4 | I205: =IFERROR(VLOOKUP($F205,'6월'!$E$4:$H$37,4,0),0) -> 6.8
... A227: ='6월'!A37 -> 2025 | B227: ='6월'!B37 -> 6 | C227: =RIGHT(A227,2)*100+'6월'!B37 -> 2506 | D227: ='6월'!C37 -> -5 | E227: ='6월'!D37 -> 3 | F227: ='6월'!E37 -> -5-3 | G227: =IFERROR(VLOOKUP($F227,'6월'!$E$4:$H$37,2,0),0) -> 10.2 | H227: =IFERROR(VLOOKUP($F227,'6월'!$E$4:$H$37,3,0),0) -> 2.9 | I227: =IFERROR(VLOOKUP($F227,'6월'!$E$4:$H$37,4,0),0) -> 10.3
A228: ='7월'!A4 -> 2025 | B228: ='7월'!B4 -> 7 | C228: =RIGHT(A228,2)*100+'7월'!B4 -> 2507 | D228: ='7월'!C4 -> 9 | E228: ='7월'!D4 -> 3 | F228: ='7월'!E4 -> 9-3 | G228: =IFERROR(VLOOKUP($F228,'7월'!$E$4:$H$37,2,0),0) -> 5 | H228: =IFERROR(VLOOKUP($F228,'7월'!$E$4:$H$37,3,0),0) -> 3 | I228: =IFERROR(VLOOKUP($F228,'7월'!$E$4:$H$37,4,0),0) -> 4.9
A229: ='7월'!A5 -> 2025 | B229: ='7월'!B5 -> 7 | C229: =RIGHT(A229,2)*100+'7월'!B5 -> 2507 | D229: ='7월'!C5 -> 8 | E229: ='7월'!D5 -> 1 | F229: ='7월'!E5 -> 8-1 | G229: =IFERROR(VLOOKUP($F229,'7월'!$E$4:$H$37,2,0),0) -> 4.9 | H229: =IFERROR(VLOOKUP($F229,'7월'!$E$4:$H$37,3,0),0) -> 3.1 | I229: =IFERROR(VLOOKUP($F229,'7월'!$E$4:$H$37,4,0),0) -> 5.1
A230: ='7월'!A6 -> 2025 | B230: ='7월'!B6 -> 7 | C230: =RIGHT(A230,2)*100+'7월'!B6 -> 2507 | D230: ='7월'!C6 -> 8 | E230: ='7월'!D6 -> 2 | F230: ='7월'!E6 -> 8-2 | G230: =IFERROR(VLOOKUP($F230,'7월'!$E$4:$H$37,2,0),0) -> 5 | H230: =IFERROR(VLOOKUP($F230,'7월'!$E$4:$H$37,3,0),0) -> 3 | I230: =IFERROR(VLOOKUP($F230,'7월'!$E$4:$H$37,4,0),0) -> 5
A231: ='7월'!A7 -> 2025 | B231: ='7월'!B7 -> 7 | C231: =RIGHT(A231,2)*100+'7월'!B7 -> 2507 | D231: ='7월'!C7 -> 8 | E231: ='7월'!D7 -> 3 | F231: ='7월'!E7 -> 8-3 | G231: =IFERROR(VLOOKUP($F231,'7월'!$E$4:$H$37,2,0),0) -> 5 | H231: =IFERROR(VLOOKUP($F231,'7월'!$E$4:$H$37,3,0),0) -> 3.8 | I231: =IFERROR(VLOOKUP($F231,'7월'!$E$4:$H$37,4,0),0) -> 5
A232: ='7월'!A8 -> 2025 | B232: ='7월'!B8 -> 7 | C232: =RIGHT(A232,2)*100+'7월'!B8 -> 2507 | D232: ='7월'!C8 -> 7 | E232: ='7월'!D8 -> 1 | F232: ='7월'!E8 -> 7-1 | G232: =IFERROR(VLOOKUP($F232,'7월'!$E$4:$H$37,2,0),0) -> 5.1 | H232: =IFERROR(VLOOKUP($F232,'7월'!$E$4:$H$37,3,0),0) -> 3 | I232: =IFERROR(VLOOKUP($F232,'7월'!$E$4:$H$37,4,0),0) -> 5.4
A233: ='7월'!A9 -> 2025 | B233: ='7월'!B9 -> 7 | C233: =RIGHT(A233,2)*100+'7월'!B9 -> 2507 | D233: ='7월'!C9 -> 7 | E233: ='7월'!D9 -> 2 | F233: ='7월'!E9 -> 7-2 | G233: =IFERROR(VLOOKUP($F233,'7월'!$E$4:$H$37,2,0),0) -> 5.1 | H233: =IFERROR(VLOOKUP($F233,'7월'!$E$4:$H$37,3,0),0) -> 3.3 | I233: =IFERROR(VLOOKUP($F233,'7월'!$E$4:$H$37,4,0),0) -> 5.9
A234: ='7월'!A10 -> 2025 | B234: ='7월'!B10 -> 7 | C234: =RIGHT(A234,2)*100+'7월'!B10 -> 2507 | D234: ='7월'!C10 -> 7 | E234: ='7월'!D10 -> 3 | F234: ='7월'!E10 -> 7-3 | G234: =IFERROR(VLOOKUP($F234,'7월'!$E$4:$H$37,2,0),0) -> 5.8 | H234: =IFERROR(VLOOKUP($F234,'7월'!$E$4:$H$37,3,0),0) -> 3.4 | I234: =IFERROR(VLOOKUP($F234,'7월'!$E$4:$H$37,4,0),0) -> 5.1
A235: ='7월'!A11 -> 2025 | B235: ='7월'!B11 -> 7 | C235: =RIGHT(A235,2)*100+'7월'!B11 -> 2507 | D235: ='7월'!C11 -> 6 | E235: ='7월'!D11 -> 1 | F235: ='7월'!E11 -> 6-1 | G235: =IFERROR(VLOOKUP($F235,'7월'!$E$4:$H$37,2,0),0) -> 6.2 | H235: =IFERROR(VLOOKUP($F235,'7월'!$E$4:$H$37,3,0),0) -> 3.3 | I235: =IFERROR(VLOOKUP($F235,'7월'!$E$4:$H$37,4,0),0) -> 6.5
A236: ='7월'!A12 -> 2025 | B236: ='7월'!B12 -> 7 | C236: =RIGHT(A236,2)*100+'7월'!B12 -> 2507 | D236: ='7월'!C12 -> 6 | E236: ='7월'!D12 -> 2 | F236: ='7월'!E12 -> 6-2 | G236: =IFERROR(VLOOKUP($F236,'7월'!$E$4:$H$37,2,0),0) -> 6 | H236: =IFERROR(VLOOKUP($F236,'7월'!$E$4:$H$37,3,0),0) -> 3.3 | I236: =IFERROR(VLOOKUP($F236,'7월'!$E$4:$H$37,4,0),0) -> 6
A237: ='7월'!A13 -> 2025 | B237: ='7월'!B13 -> 7 | C237: =RIGHT(A237,2)*100+'7월'!B13 -> 2507 | D237: ='7월'!C13 -> 6 | E237: ='7월'!D13 -> 3 | F237: ='7월'!E13 -> 6-3 | G237: =IFERROR(VLOOKUP($F237,'7월'!$E$4:$H$37,2,0),0) -> 6.2 | H237: =IFERROR(VLOOKUP($F237,'7월'!$E$4:$H$37,3,0),0) -> 3.2 | I237: =IFERROR(VLOOKUP($F237,'7월'!$E$4:$H$37,4,0),0) -> 6
A238: ='7월'!A14 -> 2025 | B238: ='7월'!B14 -> 7 | C238: =RIGHT(A238,2)*100+'7월'!B14 -> 2507 | D238: ='7월'!C14 -> 5 | E238: ='7월'!D14 -> 1 | F238: ='7월'!E14 -> 5-1 | G238: =IFERROR(VLOOKUP($F238,'7월'!$E$4:$H$37,2,0),0) -> 7 | H238: =IFERROR(VLOOKUP($F238,'7월'!$E$4:$H$37,3,0),0) -> 3.4 | I238: =IFERROR(VLOOKUP($F238,'7월'!$E$4:$H$37,4,0),0) -> 6.9
A239: ='7월'!A15 -> 2025 | B239: ='7월'!B15 -> 7 | C239: =RIGHT(A239,2)*100+'7월'!B15 -> 2507 | D239: ='7월'!C15 -> 5 | E239: ='7월'!D15 -> 2 | F239: ='7월'!E15 -> 5-2 | G239: =IFERROR(VLOOKUP($F239,'7월'!$E$4:$H$37,2,0),0) -> 6.8 | H239: =IFERROR(VLOOKUP($F239,'7월'!$E$4:$H$37,3,0),0) -> 3.4 | I239: =IFERROR(VLOOKUP($F239,'7월'!$E$4:$H$37,4,0),0) -> 7
... A261: ='7월'!A37 -> 2025 | B261: ='7월'!B37 -> 7 | C261: =RIGHT(A261,2)*100+'7월'!B37 -> 2507 | D261: ='7월'!C37 -> -5 | E261: ='7월'!D37 -> 3 | F261: ='7월'!E37 -> -5-3 | G261: =IFERROR(VLOOKUP($F261,'7월'!$E$4:$H$37,2,0),0) -> 10.2 | H261: =IFERROR(VLOOKUP($F261,'7월'!$E$4:$H$37,3,0),0) -> 2.7 | I261: =IFERROR(VLOOKUP($F261,'7월'!$E$4:$H$37,4,0),0) -> 10.3
A262: ='8월'!A4 -> 2025 | B262: ='8월'!B4 -> 8 | C262: =RIGHT(A262,2)*100+'8월'!B4 -> 2508 | D262: ='8월'!C4 -> 9 | E262: ='8월'!D4 -> 3 | F262: ='8월'!E4 -> 9-3 | G262: =IFERROR(VLOOKUP($F262,'8월'!$E$4:$H$37,2,0),0) -> 5 | H262: =IFERROR(VLOOKUP($F262,'8월'!$E$4:$H$37,3,0),0) -> 3 | I262: =IFERROR(VLOOKUP($F262,'8월'!$E$4:$H$37,4,0),0) -> 5
A263: ='8월'!A5 -> 2025 | B263: ='8월'!B5 -> 8 | C263: =RIGHT(A263,2)*100+'8월'!B5 -> 2508 | D263: ='8월'!C5 -> 8 | E263: ='8월'!D5 -> 1 | F263: ='8월'!E5 -> 8-1 | G263: =IFERROR(VLOOKUP($F263,'8월'!$E$4:$H$37,2,0),0) -> 4.9 | H263: =IFERROR(VLOOKUP($F263,'8월'!$E$4:$H$37,3,0),0) -> 3.5 | I263: =IFERROR(VLOOKUP($F263,'8월'!$E$4:$H$37,4,0),0) -> 5
A264: ='8월'!A6 -> 2025 | B264: ='8월'!B6 -> 8 | C264: =RIGHT(A264,2)*100+'8월'!B6 -> 2508 | D264: ='8월'!C6 -> 8 | E264: ='8월'!D6 -> 2 | F264: ='8월'!E6 -> 8-2 | G264: =IFERROR(VLOOKUP($F264,'8월'!$E$4:$H$37,2,0),0) -> 5 | H264: =IFERROR(VLOOKUP($F264,'8월'!$E$4:$H$37,3,0),0) -> 3 | I264: =IFERROR(VLOOKUP($F264,'8월'!$E$4:$H$37,4,0),0) -> 5
A265: ='8월'!A7 -> 2025 | B265: ='8월'!B7 -> 8 | C265: =RIGHT(A265,2)*100+'8월'!B7 -> 2508 | D265: ='8월'!C7 -> 8 | E265: ='8월'!D7 -> 3 | F265: ='8월'!E7 -> 8-3 | G265: =IFERROR(VLOOKUP($F265,'8월'!$E$4:$H$37,2,0),0) -> 5 | H265: =IFERROR(VLOOKUP($F265,'8월'!$E$4:$H$37,3,0),0) -> 3.8 | I265: =IFERROR(VLOOKUP($F265,'8월'!$E$4:$H$37,4,0),0) -> 5
A266: ='8월'!A8 -> 2025 | B266: ='8월'!B8 -> 8 | C266: =RIGHT(A266,2)*100+'8월'!B8 -> 2508 | D266: ='8월'!C8 -> 7 | E266: ='8월'!D8 -> 1 | F266: ='8월'!E8 -> 7-1 | G266: =IFERROR(VLOOKUP($F266,'8월'!$E$4:$H$37,2,0),0) -> 5.3 | H266: =IFERROR(VLOOKUP($F266,'8월'!$E$4:$H$37,3,0),0) -> 3 | I266: =IFERROR(VLOOKUP($F266,'8월'!$E$4:$H$37,4,0),0) -> 5.5
...

Sheet (년말) DIV 압력 Trend 생성
A1: =AE1&"년" -> 년 | C1: 8-1층 | E1: 8층 | G1: 7층 | I1: 6층 | K1: 5층 | M1: 3층 | O1: 2층 | Q1: 1층 | S1: B1층 | U1: B2층 | W1: B3층 | Y1: B4층 | AA1: B5층 | AF1: 1. 연도 선택 후, 마우스 우클릭, 새로고침하여 좌측 트랜드 업데이트. | AO1: 3. 매년 12월이 끝나기 전, 트렌드 영역 선택 후 복사.
AF2: 2. 밑에 회색 영역은 신경쓰지 말 것. | AO2: 4. 해당 년도 시트 생성 > 첫번째 셀에서 마우스 우클릭 >선택하여 붙여넣기 > 기타 붙여넣기 옵션 > 그림
A3: DIV #1 연구동 서 편 / 주차장 기계실 | B3: 1차압 | AG3: 위치 | AH3: 값
AG4: 1 | AJ4: 2 | AM4: 3
AD5: 층 | AE5: 년월 | AF5: 월 | AG5: 1차압 | AH5: 2차압 | AI5: 챔버압 | AJ5: 1차압 | AK5: 2차압 | AL5: 챔버압 | AM5: 1차압 | AN5: 2차압 | AO5: 챔버압
AD6: 9 | AE6: 2502 | AF6: 2 | AM6: 4.9 | AN6: 3.2 | AO6: 4.8
AE7: 2503 | AF7: 3 | AM7: 5 | AN7: 3.2 | AO7: 4.9
B8: 2차압 | AE8: 2504 | AF8: 4 | AM8: 5 | AN8: 3.2 | AO8: 4.9
AE9: 2505 | AF9: 5 | AM9: 5 | AN9: 3.2 | AO9: 5
AE10: 2506 | AF10: 6 | AM10: 5 | AN10: 3.1 | AO10: 4.9
AE11: 2507 | AF11: 7 | AM11: 5 | AN11: 3 | AO11: 4.9
AE12: 2508 | AF12: 8 | AM12: 5 | AN12: 3 | AO12: 5
B13: 챔버압 | AE13: 2509 | AF13: 9 | AM13: 5 | AN13: 3 | AO13: 4.9
AE14: 2510 | AF14: 10 | AM14: 4.9 | AN14: 3 | AO14: 4.7
AE15: 2511 | AF15: 11 | AM15: 5 | AN15: 3.1 | AO15: 4.9
AE16: 2512 | AF16: 12 | AM16: 5 | AN16: 3.1 | AO16: 4.9
AE17: 2601 | AF17: 1 | AM17: 4.9 | AN17: 3.2 | AO17: 4.7
A18: DIV #2 연구동 동 편 / 주차장 팬룸 1 | B18: 1차압 | AD18: 8 | AE18: 2502 | AF18: 2 | AG18: 4.6 | AH18: 3.2 | AI18: 5 | AJ18: 5 | AK18: 3 | AL18: 5 | AM18: 5 | AN18: 3.8 | AO18: 5
AE19: 2503 | AF19: 3 | AG19: 4.8 | AH19: 3.1 | AI19: 5 | AJ19: 5 | AK19: 3 | AL19: 5 | AM19: 5 | AN19: 3.8 | AO19: 5
AE20: 2504 | AF20: 4 | AG20: 4.8 | AH20: 3.1 | AI20: 5 | AJ20: 5 | AK20: 3 | AL20: 5 | AM20: 5 | AN20: 3.8 | AO20: 5
AE21: 2505 | AF21: 5 | AG21: 4.8 | AH21: 3 | AI21: 5 | AJ21: 5 | AK21: 3 | AL21: 5 | AM21: 5 | AN21: 3.8 | AO21: 5
AE22: 2506 | AF22: 6 | AG22: 4.9 | AH22: 3 | AI22: 5 | AJ22: 5 | AK22: 3 | AL22: 5 | AM22: 5 | AN22: 3.8 | AO22: 5
B23: 2차압 | AE23: 2507 | AF23: 7 | AG23: 4.9 | AH23: 3.1 | AI23: 5.1 | AJ23: 5 | AK23: 3 | AL23: 5 | AM23: 5 | AN23: 3.8 | AO23: 5
AE24: 2508 | AF24: 8 | AG24: 4.9 | AH24: 3.5 | AI24: 5 | AJ24: 5 | AK24: 3 | AL24: 5 | AM24: 5 | AN24: 3.8 | AO24: 5
AE25: 2509 | AF25: 9 | AG25: 4.8 | AH25: 3.3 | AI25: 5 | AJ25: 5 | AK25: 3 | AL25: 5 | AM25: 5 | AN25: 3.8 | AO25: 5
AE26: 2510 | AF26: 10 | AG26: 4.8 | AH26: 3.2 | AI26: 5 | AJ26: 5 | AK26: 3 | AL26: 5 | AM26: 5 | AN26: 3.8 | AO26: 5
AE27: 2511 | AF27: 11 | AG27: 5 | AH27: 3.1 | AI27: 5 | AJ27: 5 | AK27: 3 | AL27: 5 | AM27: 5 | AN27: 3.8 | AO27: 5
B28: 챔버압 | AE28: 2512 | AF28: 12 | AG28: 5 | AH28: 3.1 | AI28: 5 | AJ28: 5 | AK28: 3 | AL28: 5 | AM28: 5 | AN28: 3.8 | AO28: 5
AE29: 2601 | AF29: 1 | AG29: 4.6 | AH29: 3.2 | AI29: 5 | AJ29: 5 | AK29: 3 | AL29: 5 | AM29: 5 | AN29: 3.8 | AO29: 5
AD30: 7 | AE30: 2502 | AF30: 2 | AG30: 5.1 | AH30: 3.3 | AI30: 5.2 | AJ30: 5 | AK30: 3.3 | AL30: 5.5 | AM30: 5.4 | AN30: 3.4 | AO30: 5
AE31: 2503 | AF31: 3 | AG31: 5.2 | AH31: 3.3 | AI31: 5.4 | AJ31: 5 | AK31: 3.3 | AL31: 5.8 | AM31: 5.6 | AN31: 3.5 | AO31: 5
AE32: 2504 | AF32: 4 | AG32: 5.1 | AH32: 3.2 | AI32: 5.4 | AJ32: 5 | AK32: 3.3 | AL32: 5.8 | AM32: 5.7 | AN32: 3.5 | AO32: 5
A33: DIV #3 사무동 서 편 / 주차장 팬룸 2 | B33: 1차압 | AE33: 2505 | AF33: 5 | AG33: 5.3 | AH33: 3.1 | AI33: 5.5 | AJ33: 5.1 | AK33: 3.3 | AL33: 5.8 | AM33: 5.6 | AN33: 3.5 | AO33: 5
AE34: 2506 | AF34: 6 | AG34: 5.2 | AH34: 3 | AI34: 5.5 | AJ34: 5.2 | AK34: 3.3 | AL34: 5.8 | AM34: 5.5 | AN34: 3.4 | AO34: 5
AE35: 2507 | AF35: 7 | AG35: 5.1 | AH35: 3 | AI35: 5.4 | AJ35: 5.1 | AK35: 3.3 | AL35: 5.9 | AM35: 5.8 | AN35: 3.4 | AO35: 5.1
AE36: 2508 | AF36: 8 | AG36: 5.3 | AH36: 3 | AI36: 5.5 | AJ36: 5.1 | AK36: 3.3 | AL36: 5.9 | AM36: 5.9 | AN36: 3.3 | AO36: 5.1
AE37: 2509 | AF37: 9 | AG37: 5.2 | AH37: 2.9 | AI37: 5.5 | AJ37: 5.2 | AK37: 3.2 | AL37: 5.7 | AM37: 5.7 | AN37: 3.3 | AO37: 5.1
B38: 2차압 | AE38: 2510 | AF38: 10 | AG38: 5.1 | AH38: 2.9 | AI38: 5.4 | AJ38: 5 | AK38: 3.2 | AL38: 5.8 | AM38: 5.5 | AN38: 3.3 | AO38: 5
AE39: 2511 | AF39: 11 | AG39: 5.1 | AH39: 3.2 | AI39: 5.5 | AJ39: 5.1 | AK39: 3.2 | AL39: 5.8 | AM39: 5.8 | AN39: 3.4 | AO39: 5.1
AE40: 2512 | AF40: 12 | AG40: 5.2 | AH40: 3.3 | AI40: 5.4 | AJ40: 5.1 | AK40: 3.3 | AL40: 5.8 | AM40: 5.6 | AN40: 3.4 | AO40: 5
AE41: 2601 | AF41: 1 | AG41: 5.1 | AH41: 3.2 | AI41: 5.3 | AJ41: 5 | AK41: 3.3 | AL41: 5.5 | AM41: 5.4 | AN41: 3.3 | AO41: 5
AD42: 6 | AE42: 2502 | AF42: 2 | AG42: 6.1 | AH42: 3.3 | AI42: 6.3 | AJ42: 6 | AK42: 3.3 | AL42: 6 | AM42: 6 | AN42: 3.3 | AO42: 5.9
B43: 챔버압 | AE43: 2503 | AF43: 3 | AG43: 6.1 | AH43: 3.4 | AI43: 6.5 | AJ43: 6 | AK43: 3.4 | AL43: 6 | AM43: 6.1 | AN43: 3.3 | AO43: 6
AE44: 2504 | AF44: 4 | AG44: 6.1 | AH44: 3.4 | AI44: 6.7 | AJ44: 6 | AK44: 3.4 | AL44: 6 | AM44: 6.1 | AN44: 3.3 | AO44: 6
AE45: 2505 | AF45: 5 | AG45: 6.2 | AH45: 3.4 | AI45: 6.5 | AJ45: 6 | AK45: 3.5 | AL45: 6 | AM45: 6.1 | AN45: 3.3 | AO45: 6
AE46: 2506 | AF46: 6 | AG46: 6.2 | AH46: 3.3 | AI46: 6.5 | AJ46: 6 | AK46: 3.2 | AL46: 6 | AM46: 6.2 | AN46: 3.2 | AO46: 6
AE47: 2507 | AF47: 7 | AG47: 6.2 | AH47: 3.3 | AI47: 6.5 | AJ47: 6 | AK47: 3.3 | AL47: 6 | AM47: 6.2 | AN47: 3.2 | AO47: 6
AE48: 2508 | AF48: 8 | AG48: 6.2 | AH48: 3.3 | AI48: 6.5 | AJ48: 6 | AK48: 3.4 | AL48: 6 | AM48: 6.1 | AN48: 3.1 | AO48: 6
AE49: 2509 | AF49: 9 | AG49: 6.2 | AH49: 3.2 | AI49: 6.5 | AJ49: 6 | AK49: 3.3 | AL49: 6 | AM49: 6.1 | AN49: 3.1 | AO49: 6
AE50: 2510 | AF50: 10 | AG50: 6.2 | AH50: 3.3 | AI50: 6.5 | AJ50: 6 | AK50: 3.3 | AL50: 6 | AM50: 6.2 | AN50: 3.1 | AO50: 6
AE51: 2511 | AF51: 11 | AG51: 6.1 | AH51: 3.3 | AI51: 6.5 | AJ51: 6 | AK51: 3.3 | AL51: 6 | AM51: 6.2 | AN51: 3.1 | AO51: 6
AE52: 2512 | AF52: 12 | AG52: 6.1 | AH52: 3.3 | AI52: 6.5 | AJ52: 6 | AK52: 3.2 | AL52: 6 | AM52: 6.2 | AN52: 3.1 | AO52: 6
AE53: 2601 | AF53: 1 | AG53: 6 | AH53: 3.3 | AI53: 6.4 | AJ53: 6 | AK53: 3.2 | AL53: 6 | AM53: 6 | AN53: 3.2 | AO53: 6
AD54: 5 | AE54: 2502 | AF54: 2 | AG54: 6.8 | AH54: 3.4 | AI54: 6.6 | AJ54: 6.5 | AK54: 3.4 | AL54: 6.8 | AM54: 6.3 | AN54: 3.9 | AO54: 6.5
AE55: 2503 | AF55: 3 | AG55: 7 | AH55: 3.5 | AI55: 6.8 | AJ55: 6.6 | AK55: 3.4 | AL55: 6.9 | AM55: 6.4 | AN55: 3.9 | AO55: 6.7
AE56: 2504 | AF56: 4 | AG56: 7 | AH56: 3.5 | AI56: 6.9 | AJ56: 6.5 | AK56: 3.4 | AL56: 6.8 | AM56: 6.5 | AN56: 3.9 | AO56: 6.6
AE57: 2505 | AF57: 5 | AG57: 7 | AH57: 3.5 | AI57: 6.9 | AJ57: 6.8 | AK57: 3.4 | AL57: 6.9 | AM57: 6.5 | AN57: 3.8 | AO57: 6.6
AE58: 2506 | AF58: 6 | AG58: 6.9 | AH58: 3.5 | AI58: 6.8 | AJ58: 6.7 | AK58: 3.4 | AL58: 6.8 | AM58: 6.5 | AN58: 3.7 | AO58: 6.6
AE59: 2507 | AF59: 7 | AG59: 7 | AH59: 3.4 | AI59: 6.9 | AJ59: 6.8 | AK59: 3.4 | AL59: 7 | AM59: 6.5 | AN59: 3.8 | AO59: 6.6
AE60: 2508 | AF60: 8 | AG60: 7 | AH60: 3.3 | AI60: 6.9 | AJ60: 6.8 | AK60: 3.3 | AL60: 6.9 | AM60: 6.5 | AN60: 3.8 | AO60: 6.7
AE61: 2509 | AF61: 9 | AG61: 6.9 | AH61: 3.2 | AI61: 6.8 | AJ61: 6.7 | AK61: 3.2 | AL61: 6.8 | AM61: 6.5 | AN61: 3.7 | AO61: 6.6
AE62: 2510 | AF62: 10 | AG62: 6.9 | AH62: 3.3 | AI62: 6.8 | AJ62: 6.7 | AK62: 3.2 | AL62: 6.8 | AM62: 6.5 | AN62: 3.8 | AO62: 6.6
AE63: 2511 | AF63: 11 | AG63: 6.8 | AH63: 3.4 | AI63: 6.8 | AJ63: 6.7 | AK63: 3.2 | AL63: 6.9 | AM63: 6.5 | AN63: 3.8 | AO63: 6.6
AE64: 2512 | AF64: 12 | AG64: 7 | AH64: 3.5 | AI64: 6.9 | AJ64: 6.7 | AK64: 3.2 | AL64: 6.8 | AM64: 6.5 | AN64: 3.8 | AO64: 6.5
AE65: 2601 | AF65: 1 | AG65: 6.8 | AH65: 3.5 | AI65: 6.8 | AJ65: 6.5 | AK65: 3.3 | AL65: 6.7 | AM65: 6.2 | AN65: 3.8 | AO65: 6.5
AD66: 3 | AE66: 2502 | AF66: 2 | AG66: 7 | AH66: 3.6 | AI66: 6.8 | AJ66: 7 | AK66: 3.3 | AL66: 7 | AM66: 6.8 | AN66: 3.3 | AO66: 7.6
AE67: 2503 | AF67: 3 | AG67: 7 | AH67: 3.6 | AI67: 6.9 | AJ67: 7 | AK67: 3.5 | AL67: 7 | AM67: 7 | AN67: 3.4 | AO67: 7.7
AE68: 2504 | AF68: 4 | AG68: 7.1 | AH68: 3.5 | AI68: 6.9 | AJ68: 7 | AK68: 3.3 | AL68: 7 | AM68: 7 | AN68: 3.4 | AO68: 7.7
AE69: 2505 | AF69: 5 | AG69: 7 | AH69: 3.5 | AI69: 7 | AJ69: 7 | AK69: 3.3 | AL69: 7 | AM69: 7 | AN69: 3.4 | AO69: 7.8
AE70: 2506 | AF70: 6 | AG70: 7.1 | AH70: 3.5 | AI70: 6.9 | AJ70: 7 | AK70: 3.3 | AL70: 7 | AM70: 6.9 | AN70: 3.3 | AO70: 7.9
AE71: 2507 | AF71: 7 | AG71: 7.1 | AH71: 3.5 | AI71: 6.9 | AJ71: 7 | AK71: 3.4 | AL71: 7 | AM71: 7 | AN71: 3.3 | AO71: 7.7
AE72: 2508 | AF72: 8 | AG72: 7.1 | AH72: 3.4 | AI72: 6.9 | AJ72: 7.1 | AK72: 3.3 | AL72: 7 | AM72: 7 | AN72: 3.2 | AO72: 7.8
AE73: 2509 | AF73: 9 | AG73: 7 | AH73: 3.5 | AI73: 6.8 | AJ73: 7 | AK73: 3.3 | AL73: 7 | AM73: 7 | AN73: 3.3 | AO73: 7.7
AE74: 2510 | AF74: 10 | AG74: 7 | AH74: 3.5 | AI74: 6.8 | AJ74: 7 | AK74: 3.2 | AL74: 7 | AM74: 6.9 | AN74: 3.3 | AO74: 7.7
AE75: 2511 | AF75: 11 | AG75: 7 | AH75: 3.5 | AI75: 6.9 | AJ75: 7 | AK75: 3.2 | AL75: 7 | AM75: 7 | AN75: 3.4 | AO75: 7.8
AE76: 2512 | AF76: 12 | AG76: 7 | AH76: 3.5 | AI76: 6.9 | AJ76: 7 | AK76: 3.4 | AL76: 7 | AM76: 7 | AN76: 3.4 | AO76: 7.7
AE77: 2601 | AF77: 1 | AG77: 7 | AH77: 3.4 | AI77: 7 | AJ77: 6.9 | AK77: 3.5 | AL77: 6.8 | AM77: 6.9 | AN77: 3.5 | AO77: 7.5
AD78: 2 | AE78: 2502 | AF78: 2 | AJ78: 7.5 | AK78: 3.5 | AL78: 7.1 | AM78: 7 | AN78: 3.2 | AO78: 7.3
AE79: 2503 | AF79: 3 | AJ79: 7.7 | AK79: 3.5 | AL79: 7.1 | AM79: 7.1 | AN79: 3.2 | AO79: 7.5
AE80: 2504 | AF80: 4 | AJ80: 7.7 | AK80: 3.6 | AL80: 7.2 | AM80: 7.1 | AN80: 3.2 | AO80: 7.5
AE81: 2505 | AF81: 5 | AJ81: 7.8 | AK81: 3.5 | AL81: 7.2 | AM81: 7.1 | AN81: 3.2 | AO81: 7.5
AE82: 2506 | AF82: 6 | AJ82: 7.8 | AK82: 3.6 | AL82: 7.2 | AM82: 7.2 | AN82: 3.1 | AO82: 7.5
AE83: 2507 | AF83: 7 | AJ83: 7.9 | AK83: 3.7 | AL83: 7.2 | AM83: 7.1 | AN83: 3.1 | AO83: 7.5
AE84: 2508 | AF84: 8 | AJ84: 7.8 | AK84: 3.7 | AL84: 7.3 | AM84: 7.2 | AN84: 3 | AO84: 7.5
AE85: 2509 | AF85: 9 | AJ85: 7.6 | AK85: 3.6 | AL85: 7.2 | AM85: 7.1 | AN85: 3 | AO85: 7.5
AE86: 2510 | AF86: 10 | AJ86: 7.6 | AK86: 3.7 | AL86: 7.2 | AM86: 7.1 | AN86: 3 | AO86: 7.5
AE87: 2511 | AF87: 11 | AJ87: 7.7 | AK87: 3.7 | AL87: 7.1 | AM87: 7.1 | AN87: 3 | AO87: 7.4
AE88: 2512 | AF88: 12 | AJ88: 7.7 | AK88: 3.5 | AL88: 7.2 | AM88: 7.1 | AN88: 3.1 | AO88: 7.5
AE89: 2601 | AF89: 1 | AJ89: 7.5 | AK89: 3.5 | AL89: 7 | AM89: 7 | AN89: 3.1 | AO89: 7.4
AD90: 1 | AE90: 2502 | AF90: 2 | AG90: 8.3 | AH90: 3.1 | AI90: 8.2 | AJ90: 7.9 | AK90: 3.3 | AL90: 7.9 | AM90: 7.6 | AN90: 3.1 | AO90: 8
AE91: 2503 | AF91: 3 | AG91: 8.5 | AH91: 3.2 | AI91: 8.1 | AJ91: 8 | AK91: 3.2 | AL91: 8 | AM91: 7.7 | AN91: 3.2 | AO91: 8.1
AE92: 2504 | AF92: 4 | AG92: 8.5 | AH92: 3.2 | AI92: 8.2 | AJ92: 8 | AK92: 3.2 | AL92: 8 | AM92: 7.6 | AN92: 3 | AO92: 8.1
AE93: 2505 | AF93: 5 | AG93: 8.5 | AH93: 3.2 | AI93: 8.2 | AJ93: 8 | AK93: 3.2 | AL93: 8 | AM93: 7.7 | AN93: 3.1 | AO93: 8.1
AE94: 2506 | AF94: 6 | AG94: 8.6 | AH94: 3.1 | AI94: 8.2 | AJ94: 8 | AK94: 3.2 | AL94: 8 | AM94: 7.6 | AN94: 3 | AO94: 8.1
AE95: 2507 | AF95: 7 | AG95: 8.7 | AH95: 3 | AI95: 8.2 | AJ95: 8 | AK95: 3.2 | AL95: 8 | AM95: 7.7 | AN95: 3.1 | AO95: 8.1
AE96: 2508 | AF96: 8 | AG96: 8.5 | AH96: 3 | AI96: 8.2 | AJ96: 8 | AK96: 3.2 | AL96: 8 | AM96: 7.7 | AN96: 3.1 | AO96: 8.1
AE97: 2509 | AF97: 9 | AG97: 8.5 | AH97: 2.9 | AI97: 8.2 | AJ97: 8 | AK97: 3.2 | AL97: 8 | AM97: 7.7 | AN97: 3 | AO97: 8
AE98: 2510 | AF98: 10 | AG98: 8.5 | AH98: 3 | AI98: 8.1 | AJ98: 8 | AK98: 3.2 | AL98: 8 | AM98: 7.7 | AN98: 2.9 | AO98: 8
AE99: 2511 | AF99: 11 | AG99: 8.5 | AH99: 3.1 | AI99: 8.1 | AJ99: 8 | AK99: 3.2 | AL99: 7.9 | AM99: 7.8 | AN99: 3 | AO99: 8
AE100: 2512 | AF100: 12 | AG100: 8.5 | AH100: 3.1 | AI100: 8.1 | AJ100: 8 | AK100: 3.2 | AL100: 8 | AM100: 7.7 | AN100: 3 | AO100: 8
...

Sheet 참고.DIV 배수 주기
A1: 1 | B1: 2 | C1: 3 | D1: 4 | E1: 5 | F1: 6 | G1: 7 | H1: 8 | I1: 9 | J1: 10 | K1: 11 | L1: 12 | M1: 13 | N1: 14 | O1: 15 | P1: 16 | Q1: 17 | R1: 18 | S1: 19 | T1: 20 | U1: 21 | V1: 22 | W1: 23 | X1: 24 | Y1: 25 | Z1: 26 | AA1: 27 | AB1: 28 | AC1: 29 | AD1: 30 | AE1: 31 | AF1: 32 | AG1: 33 | AH1: 34 | AI1: 35 | AJ1: 36 | AK1: 37 | AL1: 38 | AM1: 39 | AN1: 40 | AO1: 41 | AP1: 42 | AQ1: 43 | AR1: 44 | AS1: 45 | AT1: 46 | AU1: 47 | AV1: 48 | AW1: 49 | AX1: 50 | AY1: 51 | AZ1: 52 | BA1: 53 | BB1: 54 | BC1: 55 | BD1: 56 | BE1: 57 | BF1: 58 | BG1: 59 | BH1: 60 | BI1: 61 | BJ1: 62 | BK1: 63 | BL1: 64 | BM1: 65 | BN1: 66 | BO1: 67 | BP1: 68 | BQ1: 69
A2: 배수 | B2: 8층 | J2: 7층 | P2: 6층 | V2: 5층 | AB2: 3층 | AH2: 2층 | AL2: 1층 | AR2: B1층 | AX2: B2층 | BD2: B3층 | BH2: B4층 | BN2: B5층
B3: 계단 위 | D3: 연구동 | H3: 사무동 | J3: 연구동 | N3: 사무동 | P3: 연구동 | T3: 사무동 | V3: 연구동 | Z3: 사무동 | AB3: 연구동 | AF3: 사무동 | AH3: 연구동 | AJ3: 사무동 | AL3: 연구동 | AP3: 사무동
B4: PS실 | D4: 공조실 | F4: PS실 | H4: PS실 | J4: 공조실 | L4: PS실 | N4: PS실 | P4: 공조실 | R4: PS실 | T4: PS실 | V4: 공조실 | X4: PS실 | Z4: PS실 | AB4: 공조실 | AD4: PS실 | AF4: PS실 | AH4: PS실 | AJ4: PS실 | AL4: 공조실 | AN4: PS실 | AP4: PS실 | AR4: 공조실 | AT4: 식당 | AV4: 화장실 | AX4: 공조실 | AZ4: CPX실 | BB4: PS실 | BD4: 휀룸1 | BF4: 기사대기실 | BH4: 휀룸1 | BJ4: 기계실 | BL4: 창고 | BN4: 휀룸1 | BP4: 휀룸2
A5: 트렌드
A6: 이번 주기 | B6: =IF(IF(C7=0,0,C6-C7)<=0,0,IF(C7=0,0,C6-C7)) -> 0 | C6: =VLOOKUP($A14,$A$14:$BQ$25,C$1,0) -> 0 | D6: =IF(IF(E7=0,0,E6-E7)<=0,0,IF(E7=0,0,E6-E7)) -> 0 | E6: =VLOOKUP($A14,$A$14:$BQ$25,E$1,0) -> 0 | F6: =IF(IF(G7=0,0,G6-G7)<=0,0,IF(G7=0,0,G6-G7)) -> 0 | G6: =VLOOKUP($A14,$A$14:$BQ$25,G$1,0) -> 0 | H6: =IF(IF(I7=0,0,I6-I7)<=0,0,IF(I7=0,0,I6-I7)) -> 0 | I6: =VLOOKUP($A14,$A$14:$BQ$25,I$1,0) -> 0 | J6: =IF(IF(K7=0,0,K6-K7)<=0,0,IF(K7=0,0,K6-K7)) -> 0 | K6: =VLOOKUP($A14,$A$14:$BQ$25,K$1,0) -> 0 | L6: =IF(IF(M7=0,0,M6-M7)<=0,0,IF(M7=0,0,M6-M7)) -> 0 | M6: =VLOOKUP($A14,$A$14:$BQ$25,M$1,0) -> 0 | N6: =IF(IF(O7=0,0,O6-O7)<=0,0,IF(O7=0,0,O6-O7)) -> 0 | O6: =VLOOKUP($A14,$A$14:$BQ$25,O$1,0) -> 45876 | P6: =IF(IF(Q7=0,0,Q6-Q7)<=0,0,IF(Q7=0,0,Q6-Q7)) -> 0 | Q6: =VLOOKUP($A14,$A$14:$BQ$25,Q$1,0) -> 0 | R6: =IF(IF(S7=0,0,S6-S7)<=0,0,IF(S7=0,0,S6-S7)) -> 0 | S6: =VLOOKUP($A14,$A$14:$BQ$25,S$1,0) -> 0 | T6: =IF(IF(U7=0,0,U6-U7)<=0,0,IF(U7=0,0,U6-U7)) -> 0 | U6: =VLOOKUP($A14,$A$14:$BQ$25,U$1,0) -> 0 | V6: =IF(IF(W7=0,0,W6-W7)<=0,0,IF(W7=0,0,W6-W7)) -> 0 | W6: =VLOOKUP($A14,$A$14:$BQ$25,W$1,0) -> 0 | X6: =IF(IF(Y7=0,0,Y6-Y7)<=0,0,IF(Y7=0,0,Y6-Y7)) -> 0 | Y6: =VLOOKUP($A14,$A$14:$BQ$25,Y$1,0) -> 0 | Z6: =IF(IF(AA7=0,0,AA6-AA7)<=0,0,IF(AA7=0,0,AA6-AA7)) -> 0 | AA6: =VLOOKUP($A14,$A$14:$BQ$25,AA$1,0) -> 0 | AB6: =IF(IF(AC7=0,0,AC6-AC7)<=0,0,IF(AC7=0,0,AC6-AC7)) -> 0 | AC6: =VLOOKUP($A14,$A$14:$BQ$25,AC$1,0) -> 0 | AD6: =IF(IF(AE7=0,0,AE6-AE7)<=0,0,IF(AE7=0,0,AE6-AE7)) -> 0 | AE6: =VLOOKUP($A14,$A$14:$BQ$25,AE$1,0) -> 0 | AF6: =IF(IF(AG7=0,0,AG6-AG7)<=0,0,IF(AG7=0,0,AG6-AG7)) -> 0 | AG6: =VLOOKUP($A14,$A$14:$BQ$25,AG$1,0) -> 0 | AH6: =IF(IF(AI7=0,0,AI6-AI7)<=0,0,IF(AI7=0,0,AI6-AI7)) -> 272 | AI6: =VLOOKUP($A14,$A$14:$BQ$25,AI$1,0) -> 45784 | AJ6: =IF(IF(AK7=0,0,AK6-AK7)<=0,0,IF(AK7=0,0,AK6-AK7)) -> 0 | AK6: =VLOOKUP($A14,$A$14:$BQ$25,AK$1,0) -> 0 | AL6: =IF(IF(AM7=0,0,AM6-AM7)<=0,0,IF(AM7=0,0,AM6-AM7)) -> 0 | AM6: =VLOOKUP($A14,$A$14:$BQ$25,AM$1,0) -> 0 | AN6: =IF(IF(AO7=0,0,AO6-AO7)<=0,0,IF(AO7=0,0,AO6-AO7)) -> 0 | AO6: =VLOOKUP($A14,$A$14:$BQ$25,AO$1,0) -> 0 | AP6: =IF(IF(AQ7=0,0,AQ6-AQ7)<=0,0,IF(AQ7=0,0,AQ6-AQ7)) -> 0 | AQ6: =VLOOKUP($A14,$A$14:$BQ$25,AQ$1,0) -> 0 | AR6: =IF(IF(AS7=0,0,AS6-AS7)<=0,0,IF(AS7=0,0,AS6-AS7)) -> 0 | AS6: =VLOOKUP($A14,$A$14:$BQ$25,AS$1,0) -> 0 | AT6: =IF(IF(AU7=0,0,AU6-AU7)<=0,0,IF(AU7=0,0,AU6-AU7)) -> 0 | AU6: =VLOOKUP($A14,$A$14:$BQ$25,AU$1,0) -> 0 | AV6: =IF(IF(AW7=0,0,AW6-AW7)<=0,0,IF(AW7=0,0,AW6-AW7)) -> 0 | AW6: =VLOOKUP($A14,$A$14:$BQ$25,AW$1,0) -> 0 | AX6: =IF(IF(AY7=0,0,AY6-AY7)<=0,0,IF(AY7=0,0,AY6-AY7)) -> 0 | AY6: =VLOOKUP($A14,$A$14:$BQ$25,AY$1,0) -> 0 | AZ6: =IF(IF(BA7=0,0,BA6-BA7)<=0,0,IF(BA7=0,0,BA6-BA7)) -> 291 | BA6: =VLOOKUP($A14,$A$14:$BQ$25,BA$1,0) -> 45663 | BB6: =IF(IF(BC7=0,0,BC6-BC7)<=0,0,IF(BC7=0,0,BC6-BC7)) -> 0 | BC6: =VLOOKUP($A14,$A$14:$BQ$25,BC$1,0) -> 0 | BD6: =IF(IF(BE7=0,0,BE6-BE7)<=0,0,IF(BE7=0,0,BE6-BE7)) -> 0 | BE6: =VLOOKUP($A14,$A$14:$BQ$25,BE$1,0) -> 0 | BF6: =IF(IF(BG7=0,0,BG6-BG7)<=0,0,IF(BG7=0,0,BG6-BG7)) -> 0 | BG6: =VLOOKUP($A14,$A$14:$BQ$25,BG$1,0) -> 0 | BH6: =IF(IF(BI7=0,0,BI6-BI7)<=0,0,IF(BI7=0,0,BI6-BI7)) -> 0 | BI6: =VLOOKUP($A14,$A$14:$BQ$25,BI$1,0) -> 0 | BJ6: =IF(IF(BK7=0,0,BK6-BK7)<=0,0,IF(BK7=0,0,BK6-BK7)) -> 391 | BK6: =VLOOKUP($A14,$A$14:$BQ$25,BK$1,0) -> 45904 | BL6: =IF(IF(BM7=0,0,BM6-BM7)<=0,0,IF(BM7=0,0,BM6-BM7)) -> 0 | BM6: =VLOOKUP($A14,$A$14:$BQ$25,BM$1,0) -> 0 | BN6: =IF(IF(BO7=0,0,BO6-BO7)<=0,0,IF(BO7=0,0,BO6-BO7)) -> 46 | BO6: =VLOOKUP($A14,$A$14:$BQ$25,BO$1,0) -> 45958 | BP6: =IF(IF(BQ7=0,0,BQ6-BQ7)<=0,0,IF(BQ7=0,0,BQ6-BQ7)) -> 30 | BQ6: =VLOOKUP($A14,$A$14:$BQ$25,BQ$1,0) -> 45330
A7: 지난 주기 | B7: =IF(IF(C8=0,0,C7-C8)<=0,0,IF(C8=0,0,C7-C8)) -> 0 | C7: =VLOOKUP($A15,$A$14:$BQ$25,C$1,0) -> 0 | D7: =IF(IF(E8=0,0,E7-E8)<=0,0,IF(E8=0,0,E7-E8)) -> 0 | E7: =VLOOKUP($A15,$A$14:$BQ$25,E$1,0) -> 0 | F7: =IF(IF(G8=0,0,G7-G8)<=0,0,IF(G8=0,0,G7-G8)) -> 0 | G7: =VLOOKUP($A15,$A$14:$BQ$25,G$1,0) -> 0 | H7: =IF(IF(I8=0,0,I7-I8)<=0,0,IF(I8=0,0,I7-I8)) -> 0 | I7: =VLOOKUP($A15,$A$14:$BQ$25,I$1,0) -> 0 | J7: =IF(IF(K8=0,0,K7-K8)<=0,0,IF(K8=0,0,K7-K8)) -> 0 | K7: =VLOOKUP($A15,$A$14:$BQ$25,K$1,0) -> 0 | L7: =IF(IF(M8=0,0,M7-M8)<=0,0,IF(M8=0,0,M7-M8)) -> 0 | M7: =VLOOKUP($A15,$A$14:$BQ$25,M$1,0) -> 0 | N7: =IF(IF(O8=0,0,O7-O8)<=0,0,IF(O8=0,0,O7-O8)) -> 0 | O7: =VLOOKUP($A15,$A$14:$BQ$25,O$1,0) -> 0 | P7: =IF(IF(Q8=0,0,Q7-Q8)<=0,0,IF(Q8=0,0,Q7-Q8)) -> 0 | Q7: =VLOOKUP($A15,$A$14:$BQ$25,Q$1,0) -> 0 | R7: =IF(IF(S8=0,0,S7-S8)<=0,0,IF(S8=0,0,S7-S8)) -> 0 | S7: =VLOOKUP($A15,$A$14:$BQ$25,S$1,0) -> 0 | T7: =IF(IF(U8=0,0,U7-U8)<=0,0,IF(U8=0,0,U7-U8)) -> 0 | U7: =VLOOKUP($A15,$A$14:$BQ$25,U$1,0) -> 0 | V7: =IF(IF(W8=0,0,W7-W8)<=0,0,IF(W8=0,0,W7-W8)) -> 0 | W7: =VLOOKUP($A15,$A$14:$BQ$25,W$1,0) -> 0 | X7: =IF(IF(Y8=0,0,Y7-Y8)<=0,0,IF(Y8=0,0,Y7-Y8)) -> 0 | Y7: =VLOOKUP($A15,$A$14:$BQ$25,Y$1,0) -> 0 | Z7: =IF(IF(AA8=0,0,AA7-AA8)<=0,0,IF(AA8=0,0,AA7-AA8)) -> 0 | AA7: =VLOOKUP($A15,$A$14:$BQ$25,AA$1,0) -> 0 | AB7: =IF(IF(AC8=0,0,AC7-AC8)<=0,0,IF(AC8=0,0,AC7-AC8)) -> 0 | AC7: =VLOOKUP($A15,$A$14:$BQ$25,AC$1,0) -> 0 | AD7: =IF(IF(AE8=0,0,AE7-AE8)<=0,0,IF(AE8=0,0,AE7-AE8)) -> 0 | AE7: =VLOOKUP($A15,$A$14:$BQ$25,AE$1,0) -> 0 | AF7: =IF(IF(AG8=0,0,AG7-AG8)<=0,0,IF(AG8=0,0,AG7-AG8)) -> 0 | AG7: =VLOOKUP($A15,$A$14:$BQ$25,AG$1,0) -> 0 | AH7: =IF(IF(AI8=0,0,AI7-AI8)<=0,0,IF(AI8=0,0,AI7-AI8)) -> 140 | AI7: =VLOOKUP($A15,$A$14:$BQ$25,AI$1,0) -> 45512 | AJ7: =IF(IF(AK8=0,0,AK7-AK8)<=0,0,IF(AK8=0,0,AK7-AK8)) -> 0 | AK7: =VLOOKUP($A15,$A$14:$BQ$25,AK$1,0) -> 0 | AL7: =IF(IF(AM8=0,0,AM7-AM8)<=0,0,IF(AM8=0,0,AM7-AM8)) -> 0 | AM7: =VLOOKUP($A15,$A$14:$BQ$25,AM$1,0) -> 0 | AN7: =IF(IF(AO8=0,0,AO7-AO8)<=0,0,IF(AO8=0,0,AO7-AO8)) -> 0 | AO7: =VLOOKUP($A15,$A$14:$BQ$25,AO$1,0) -> 0 | AP7: =IF(IF(AQ8=0,0,AQ7-AQ8)<=0,0,IF(AQ8=0,0,AQ7-AQ8)) -> 0 | AQ7: =VLOOKUP($A15,$A$14:$BQ$25,AQ$1,0) -> 0 | AR7: =IF(AS8=0,0,AS7-AS8) -> 0 | AS7: =VLOOKUP($A15,$A$14:$BQ$25,AS$1,0) -> 0 | AT7: =IF(IF(AU8=0,0,AU7-AU8)<=0,0,IF(AU8=0,0,AU7-AU8)) -> 0 | AU7: =VLOOKUP($A15,$A$14:$BQ$25,AU$1,0) -> 0 | AV7: =IF(IF(AW8=0,0,AW7-AW8)<=0,0,IF(AW8=0,0,AW7-AW8)) -> 0 | AW7: =VLOOKUP($A15,$A$14:$BQ$25,AW$1,0) -> 0 | AX7: =IF(IF(AY8=0,0,AY7-AY8)<=0,0,IF(AY8=0,0,AY7-AY8)) -> 0 | AY7: =VLOOKUP($A15,$A$14:$BQ$25,AY$1,0) -> 0 | AZ7: =IF(IF(BA8=0,0,BA7-BA8)<=0,0,IF(BA8=0,0,BA7-BA8)) -> 42 | BA7: =VLOOKUP($A15,$A$14:$BQ$25,BA$1,0) -> 45372 | BB7: =IF(IF(BC8=0,0,BC7-BC8)<=0,0,IF(BC8=0,0,BC7-BC8)) -> 0 | BC7: =VLOOKUP($A15,$A$14:$BQ$25,BC$1,0) -> 0 | BD7: =IF(IF(BE8=0,0,BE7-BE8)<=0,0,IF(BE8=0,0,BE7-BE8)) -> 0 | BE7: =VLOOKUP($A15,$A$14:$BQ$25,BE$1,0) -> 0 | BF7: =IF(IF(BG8=0,0,BG7-BG8)<=0,0,IF(BG8=0,0,BG7-BG8)) -> 0 | BG7: =VLOOKUP($A15,$A$14:$BQ$25,BG$1,0) -> 0 | BH7: =IF(IF(BI8=0,0,BI7-BI8)<=0,0,IF(BI8=0,0,BI7-BI8)) -> 0 | BI7: =VLOOKUP($A15,$A$14:$BQ$25,BI$1,0) -> 0 | BJ7: =IF(IF(BK8=0,0,BK7-BK8)<=0,0,IF(BK8=0,0,BK7-BK8)) -> 87 | BK7: =VLOOKUP($A15,$A$14:$BQ$25,BK$1,0) -> 45513 | BL7: =IF(IF(BM8=0,0,BM7-BM8)<=0,0,IF(BM8=0,0,BM7-BM8)) -> 0 | BM7: =VLOOKUP($A15,$A$14:$BQ$25,BM$1,0) -> 0 | BN7: =IF(IF(BO8=0,0,BO7-BO8)<=0,0,IF(BO8=0,0,BO7-BO8)) -> 189 | BO7: =VLOOKUP($A15,$A$14:$BQ$25,BO$1,0) -> 45912 | BP7: =IF(IF(BQ8=0,0,BQ7-BQ8)<=0,0,IF(BQ8=0,0,BQ7-BQ8)) -> 0 | BQ7: =VLOOKUP($A15,$A$14:$BQ$25,BQ$1,0) -> 45300
B8: =IF(IF(C9=0,0,C8-C9)<=0,0,IF(C9=0,0,C8-C9)) -> 0 | C8: =VLOOKUP($A16,$A$14:$BQ$25,C$1,0) -> 0 | D8: =IF(IF(E9=0,0,E8-E9)<=0,0,IF(E9=0,0,E8-E9)) -> 0 | E8: =VLOOKUP($A16,$A$14:$BQ$25,E$1,0) -> 0 | F8: =IF(IF(G9=0,0,G8-G9)<=0,0,IF(G9=0,0,G8-G9)) -> 0 | G8: =VLOOKUP($A16,$A$14:$BQ$25,G$1,0) -> 0 | H8: =IF(IF(I9=0,0,I8-I9)<=0,0,IF(I9=0,0,I8-I9)) -> 0 | I8: =VLOOKUP($A16,$A$14:$BQ$25,I$1,0) -> 0 | J8: =IF(IF(K9=0,0,K8-K9)<=0,0,IF(K9=0,0,K8-K9)) -> 0 | K8: =VLOOKUP($A16,$A$14:$BQ$25,K$1,0) -> 0 | L8: =IF(IF(M9=0,0,M8-M9)<=0,0,IF(M9=0,0,M8-M9)) -> 0 | M8: =VLOOKUP($A16,$A$14:$BQ$25,M$1,0) -> 0 | N8: =IF(IF(O9=0,0,O8-O9)<=0,0,IF(O9=0,0,O8-O9)) -> 0 | O8: =VLOOKUP($A16,$A$14:$BQ$25,O$1,0) -> 0 | P8: =IF(IF(Q9=0,0,Q8-Q9)<=0,0,IF(Q9=0,0,Q8-Q9)) -> 0 | Q8: =VLOOKUP($A16,$A$14:$BQ$25,Q$1,0) -> 0 | R8: =IF(IF(S9=0,0,S8-S9)<=0,0,IF(S9=0,0,S8-S9)) -> 0 | S8: =VLOOKUP($A16,$A$14:$BQ$25,S$1,0) -> 0 | T8: =IF(IF(U9=0,0,U8-U9)<=0,0,IF(U9=0,0,U8-U9)) -> 0 | U8: =VLOOKUP($A16,$A$14:$BQ$25,U$1,0) -> 0 | V8: =IF(IF(W9=0,0,W8-W9)<=0,0,IF(W9=0,0,W8-W9)) -> 0 | W8: =VLOOKUP($A16,$A$14:$BQ$25,W$1,0) -> 0 | X8: =IF(IF(Y9=0,0,Y8-Y9)<=0,0,IF(Y9=0,0,Y8-Y9)) -> 0 | Y8: =VLOOKUP($A16,$A$14:$BQ$25,Y$1,0) -> 0 | Z8: =IF(IF(AA9=0,0,AA8-AA9)<=0,0,IF(AA9=0,0,AA8-AA9)) -> 0 | AA8: =VLOOKUP($A16,$A$14:$BQ$25,AA$1,0) -> 0 | AB8: =IF(IF(AC9=0,0,AC8-AC9)<=0,0,IF(AC9=0,0,AC8-AC9)) -> 0 | AC8: =VLOOKUP($A16,$A$14:$BQ$25,AC$1,0) -> 0 | AD8: =IF(IF(AE9=0,0,AE8-AE9)<=0,0,IF(AE9=0,0,AE8-AE9)) -> 0 | AE8: =VLOOKUP($A16,$A$14:$BQ$25,AE$1,0) -> 0 | AF8: =IF(IF(AG9=0,0,AG8-AG9)<=0,0,IF(AG9=0,0,AG8-AG9)) -> 0 | AG8: =VLOOKUP($A16,$A$14:$BQ$25,AG$1,0) -> 0 | AH8: =IF(IF(AI9=0,0,AI8-AI9)<=0,0,IF(AI9=0,0,AI8-AI9)) -> 0 | AI8: =VLOOKUP($A16,$A$14:$BQ$25,AI$1,0) -> 45372 | AJ8: =IF(IF(AK9=0,0,AK8-AK9)<=0,0,IF(AK9=0,0,AK8-AK9)) -> 0 | AK8: =VLOOKUP($A16,$A$14:$BQ$25,AK$1,0) -> 0 | AL8: =IF(IF(AM9=0,0,AM8-AM9)<=0,0,IF(AM9=0,0,AM8-AM9)) -> 0 | AM8: =VLOOKUP($A16,$A$14:$BQ$25,AM$1,0) -> 0 | AN8: =IF(IF(AO9=0,0,AO8-AO9)<=0,0,IF(AO9=0,0,AO8-AO9)) -> 0 | AO8: =VLOOKUP($A16,$A$14:$BQ$25,AO$1,0) -> 0 | AP8: =IF(IF(AQ9=0,0,AQ8-AQ9)<=0,0,IF(AQ9=0,0,AQ8-AQ9)) -> 0 | AQ8: =VLOOKUP($A16,$A$14:$BQ$25,AQ$1,0) -> 0 | AR8: =IF(AS9=0,0,AS8-AS9) -> 0 | AS8: =VLOOKUP($A16,$A$14:$BQ$25,AS$1,0) -> 0 | AT8: =IF(IF(AU9=0,0,AU8-AU9)<=0,0,IF(AU9=0,0,AU8-AU9)) -> 0 | AU8: =VLOOKUP($A16,$A$14:$BQ$25,AU$1,0) -> 0 | AV8: =IF(IF(AW9=0,0,AW8-AW9)<=0,0,IF(AW9=0,0,AW8-AW9)) -> 0 | AW8: =VLOOKUP($A16,$A$14:$BQ$25,AW$1,0) -> 0 | AX8: =IF(IF(AY9=0,0,AY8-AY9)<=0,0,IF(AY9=0,0,AY8-AY9)) -> 0 | AY8: =VLOOKUP($A16,$A$14:$BQ$25,AY$1,0) -> 0 | AZ8: =IF(IF(BA9=0,0,BA8-BA9)<=0,0,IF(BA9=0,0,BA8-BA9)) -> 14 | BA8: =VLOOKUP($A16,$A$14:$BQ$25,BA$1,0) -> 45330 | BB8: =IF(IF(BC9=0,0,BC8-BC9)<=0,0,IF(BC9=0,0,BC8-BC9)) -> 0 | BC8: =VLOOKUP($A16,$A$14:$BQ$25,BC$1,0) -> 0 | BD8: =IF(IF(BE9=0,0,BE8-BE9)<=0,0,IF(BE9=0,0,BE8-BE9)) -> 0 | BE8: =VLOOKUP($A16,$A$14:$BQ$25,BE$1,0) -> 0 | BF8: =IF(IF(BG9=0,0,BG8-BG9)<=0,0,IF(BG9=0,0,BG8-BG9)) -> 0 | BG8: =VLOOKUP($A16,$A$14:$BQ$25,BG$1,0) -> 0 | BH8: =IF(IF(BI9=0,0,BI8-BI9)<=0,0,IF(BI9=0,0,BI8-BI9)) -> 0 | BI8: =VLOOKUP($A16,$A$14:$BQ$25,BI$1,0) -> 0 | BJ8: =IF(IF(BK9=0,0,BK8-BK9)<=0,0,IF(BK9=0,0,BK8-BK9)) -> 0 | BK8: =VLOOKUP($A16,$A$14:$BQ$25,BK$1,0) -> 45426 | BL8: =IF(IF(BM9=0,0,BM8-BM9)<=0,0,IF(BM9=0,0,BM8-BM9)) -> 0 | BM8: =VLOOKUP($A16,$A$14:$BQ$25,BM$1,0) -> 0 | BN8: =IF(IF(BO9=0,0,BO8-BO9)<=0,0,IF(BO9=0,0,BO8-BO9)) -> 87 | BO8: =VLOOKUP($A16,$A$14:$BQ$25,BO$1,0) -> 45723 | BP8: =IF(IF(BQ9=0,0,BQ8-BQ9)<=0,0,IF(BQ9=0,0,BQ8-BQ9)) -> 0 | BQ8: =VLOOKUP($A16,$A$14:$BQ$25,BQ$1,0) -> 0
B9: =IF(IF(C10=0,0,C9-C10)<=0,0,IF(C10=0,0,C9-C10)) -> 0 | C9: =VLOOKUP($A17,$A$14:$BQ$25,C$1,0) -> 0 | D9: =IF(IF(E10=0,0,E9-E10)<=0,0,IF(E10=0,0,E9-E10)) -> 0 | E9: =VLOOKUP($A17,$A$14:$BQ$25,E$1,0) -> 0 | F9: =IF(IF(G10=0,0,G9-G10)<=0,0,IF(G10=0,0,G9-G10)) -> 0 | G9: =VLOOKUP($A17,$A$14:$BQ$25,G$1,0) -> 0 | H9: =IF(IF(I10=0,0,I9-I10)<=0,0,IF(I10=0,0,I9-I10)) -> 0 | I9: =VLOOKUP($A17,$A$14:$BQ$25,I$1,0) -> 0 | J9: =IF(IF(K10=0,0,K9-K10)<=0,0,IF(K10=0,0,K9-K10)) -> 0 | K9: =VLOOKUP($A17,$A$14:$BQ$25,K$1,0) -> 0 | L9: =IF(IF(M10=0,0,M9-M10)<=0,0,IF(M10=0,0,M9-M10)) -> 0 | M9: =VLOOKUP($A17,$A$14:$BQ$25,M$1,0) -> 0 | N9: =IF(IF(O10=0,0,O9-O10)<=0,0,IF(O10=0,0,O9-O10)) -> 0 | O9: =VLOOKUP($A17,$A$14:$BQ$25,O$1,0) -> 0 | P9: =IF(IF(Q10=0,0,Q9-Q10)<=0,0,IF(Q10=0,0,Q9-Q10)) -> 0 | Q9: =VLOOKUP($A17,$A$14:$BQ$25,Q$1,0) -> 0 | R9: =IF(IF(S10=0,0,S9-S10)<=0,0,IF(S10=0,0,S9-S10)) -> 0 | S9: =VLOOKUP($A17,$A$14:$BQ$25,S$1,0) -> 0 | T9: =IF(IF(U10=0,0,U9-U10)<=0,0,IF(U10=0,0,U9-U10)) -> 0 | U9: =VLOOKUP($A17,$A$14:$BQ$25,U$1,0) -> 0 | V9: =IF(IF(W10=0,0,W9-W10)<=0,0,IF(W10=0,0,W9-W10)) -> 0 | W9: =VLOOKUP($A17,$A$14:$BQ$25,W$1,0) -> 0 | X9: =IF(IF(Y10=0,0,Y9-Y10)<=0,0,IF(Y10=0,0,Y9-Y10)) -> 0 | Y9: =VLOOKUP($A17,$A$14:$BQ$25,Y$1,0) -> 0 | Z9: =IF(IF(AA10=0,0,AA9-AA10)<=0,0,IF(AA10=0,0,AA9-AA10)) -> 0 | AA9: =VLOOKUP($A17,$A$14:$BQ$25,AA$1,0) -> 0 | AB9: =IF(IF(AC10=0,0,AC9-AC10)<=0,0,IF(AC10=0,0,AC9-AC10)) -> 0 | AC9: =VLOOKUP($A17,$A$14:$BQ$25,AC$1,0) -> 0 | AD9: =IF(IF(AE10=0,0,AE9-AE10)<=0,0,IF(AE10=0,0,AE9-AE10)) -> 0 | AE9: =VLOOKUP($A17,$A$14:$BQ$25,AE$1,0) -> 0 | AF9: =IF(IF(AG10=0,0,AG9-AG10)<=0,0,IF(AG10=0,0,AG9-AG10)) -> 0 | AG9: =VLOOKUP($A17,$A$14:$BQ$25,AG$1,0) -> 0 | AH9: =IF(IF(AI10=0,0,AI9-AI10)<=0,0,IF(AI10=0,0,AI9-AI10)) -> 0 | AI9: =VLOOKUP($A17,$A$14:$BQ$25,AI$1,0) -> 0 | AJ9: =IF(IF(AK10=0,0,AK9-AK10)<=0,0,IF(AK10=0,0,AK9-AK10)) -> 0 | AK9: =VLOOKUP($A17,$A$14:$BQ$25,AK$1,0) -> 0 | AL9: =IF(IF(AM10=0,0,AM9-AM10)<=0,0,IF(AM10=0,0,AM9-AM10)) -> 0 | AM9: =VLOOKUP($A17,$A$14:$BQ$25,AM$1,0) -> 0 | AN9: =IF(IF(AO10=0,0,AO9-AO10)<=0,0,IF(AO10=0,0,AO9-AO10)) -> 0 | AO9: =VLOOKUP($A17,$A$14:$BQ$25,AO$1,0) -> 0 | AP9: =IF(IF(AQ10=0,0,AQ9-AQ10)<=0,0,IF(AQ10=0,0,AQ9-AQ10)) -> 0 | AQ9: =VLOOKUP($A17,$A$14:$BQ$25,AQ$1,0) -> 0 | AR9: =IF(AS10=0,0,AS9-AS10) -> 0 | AS9: =VLOOKUP($A17,$A$14:$BQ$25,AS$1,0) -> 0 | AT9: =IF(IF(AU10=0,0,AU9-AU10)<=0,0,IF(AU10=0,0,AU9-AU10)) -> 0 | AU9: =VLOOKUP($A17,$A$14:$BQ$25,AU$1,0) -> 0 | AV9: =IF(IF(AW10=0,0,AW9-AW10)<=0,0,IF(AW10=0,0,AW9-AW10)) -> 0 | AW9: =VLOOKUP($A17,$A$14:$BQ$25,AW$1,0) -> 0 | AX9: =IF(IF(AY10=0,0,AY9-AY10)<=0,0,IF(AY10=0,0,AY9-AY10)) -> 0 | AY9: =VLOOKUP($A17,$A$14:$BQ$25,AY$1,0) -> 0 | AZ9: =IF(IF(BA10=0,0,BA9-BA10)<=0,0,IF(BA10=0,0,BA9-BA10)) -> 16 | BA9: =VLOOKUP($A17,$A$14:$BQ$25,BA$1,0) -> 45316 | BB9: =IF(IF(BC10=0,0,BC9-BC10)<=0,0,IF(BC10=0,0,BC9-BC10)) -> 0 | BC9: =VLOOKUP($A17,$A$14:$BQ$25,BC$1,0) -> 0 | BD9: =IF(IF(BE10=0,0,BE9-BE10)<=0,0,IF(BE10=0,0,BE9-BE10)) -> 0 | BE9: =VLOOKUP($A17,$A$14:$BQ$25,BE$1,0) -> 0 | BF9: =IF(IF(BG10=0,0,BG9-BG10)<=0,0,IF(BG10=0,0,BG9-BG10)) -> 0 | BG9: =VLOOKUP($A17,$A$14:$BQ$25,BG$1,0) -> 0 | BH9: =IF(IF(BI10=0,0,BI9-BI10)<=0,0,IF(BI10=0,0,BI9-BI10)) -> 0 | BI9: =VLOOKUP($A17,$A$14:$BQ$25,BI$1,0) -> 0 | BJ9: =IF(IF(BK10=0,0,BK9-BK10)<=0,0,IF(BK10=0,0,BK9-BK10)) -> 0 | BK9: =VLOOKUP($A17,$A$14:$BQ$25,BK$1,0) -> 0 | BL9: =IF(IF(BM10=0,0,BM9-BM10)<=0,0,IF(BM10=0,0,BM9-BM10)) -> 0 | BM9: =VLOOKUP($A17,$A$14:$BQ$25,BM$1,0) -> 0 | BN9: =IF(IF(BO10=0,0,BO9-BO10)<=0,0,IF(BO10=0,0,BO9-BO10)) -> 94 | BO9: =VLOOKUP($A17,$A$14:$BQ$25,BO$1,0) -> 45636 | BP9: =IF(IF(BQ10=0,0,BQ9-BQ10)<=0,0,IF(BQ10=0,0,BQ9-BQ10)) -> 0 | BQ9: =VLOOKUP($A17,$A$14:$BQ$25,BQ$1,0) -> 0
B10: =IF(IF(C11=0,0,C10-C11)<=0,0,IF(C11=0,0,C10-C11)) -> 0 | C10: =VLOOKUP($A18,$A$14:$BQ$25,C$1,0) -> 0 | D10: =IF(IF(E11=0,0,E10-E11)<=0,0,IF(E11=0,0,E10-E11)) -> 0 | E10: =VLOOKUP($A18,$A$14:$BQ$25,E$1,0) -> 0 | F10: =IF(IF(G11=0,0,G10-G11)<=0,0,IF(G11=0,0,G10-G11)) -> 0 | G10: =VLOOKUP($A18,$A$14:$BQ$25,G$1,0) -> 0 | H10: =IF(IF(I11=0,0,I10-I11)<=0,0,IF(I11=0,0,I10-I11)) -> 0 | I10: =VLOOKUP($A18,$A$14:$BQ$25,I$1,0) -> 0 | J10: =IF(IF(K11=0,0,K10-K11)<=0,0,IF(K11=0,0,K10-K11)) -> 0 | K10: =VLOOKUP($A18,$A$14:$BQ$25,K$1,0) -> 0 | L10: =IF(IF(M11=0,0,M10-M11)<=0,0,IF(M11=0,0,M10-M11)) -> 0 | M10: =VLOOKUP($A18,$A$14:$BQ$25,M$1,0) -> 0 | N10: =IF(IF(O11=0,0,O10-O11)<=0,0,IF(O11=0,0,O10-O11)) -> 0 | O10: =VLOOKUP($A18,$A$14:$BQ$25,O$1,0) -> 0 | P10: =IF(IF(Q11=0,0,Q10-Q11)<=0,0,IF(Q11=0,0,Q10-Q11)) -> 0 | Q10: =VLOOKUP($A18,$A$14:$BQ$25,Q$1,0) -> 0 | R10: =IF(IF(S11=0,0,S10-S11)<=0,0,IF(S11=0,0,S10-S11)) -> 0 | S10: =VLOOKUP($A18,$A$14:$BQ$25,S$1,0) -> 0 | T10: =IF(IF(U11=0,0,U10-U11)<=0,0,IF(U11=0,0,U10-U11)) -> 0 | U10: =VLOOKUP($A18,$A$14:$BQ$25,U$1,0) -> 0 | V10: =IF(IF(W11=0,0,W10-W11)<=0,0,IF(W11=0,0,W10-W11)) -> 0 | W10: =VLOOKUP($A18,$A$14:$BQ$25,W$1,0) -> 0 | X10: =IF(IF(Y11=0,0,Y10-Y11)<=0,0,IF(Y11=0,0,Y10-Y11)) -> 0 | Y10: =VLOOKUP($A18,$A$14:$BQ$25,Y$1,0) -> 0 | Z10: =IF(IF(AA11=0,0,AA10-AA11)<=0,0,IF(AA11=0,0,AA10-AA11)) -> 0 | AA10: =VLOOKUP($A18,$A$14:$BQ$25,AA$1,0) -> 0 | AB10: =IF(IF(AC11=0,0,AC10-AC11)<=0,0,IF(AC11=0,0,AC10-AC11)) -> 0 | AC10: =VLOOKUP($A18,$A$14:$BQ$25,AC$1,0) -> 0 | AD10: =IF(IF(AE11=0,0,AE10-AE11)<=0,0,IF(AE11=0,0,AE10-AE11)) -> 0 | AE10: =VLOOKUP($A18,$A$14:$BQ$25,AE$1,0) -> 0 | AF10: =IF(IF(AG11=0,0,AG10-AG11)<=0,0,IF(AG11=0,0,AG10-AG11)) -> 0 | AG10: =VLOOKUP($A18,$A$14:$BQ$25,AG$1,0) -> 0 | AH10: =IF(IF(AI11=0,0,AI10-AI11)<=0,0,IF(AI11=0,0,AI10-AI11)) -> 0 | AI10: =VLOOKUP($A18,$A$14:$BQ$25,AI$1,0) -> 0 | AJ10: =IF(IF(AK11=0,0,AK10-AK11)<=0,0,IF(AK11=0,0,AK10-AK11)) -> 0 | AK10: =VLOOKUP($A18,$A$14:$BQ$25,AK$1,0) -> 0 | AL10: =IF(IF(AM11=0,0,AM10-AM11)<=0,0,IF(AM11=0,0,AM10-AM11)) -> 0 | AM10: =VLOOKUP($A18,$A$14:$BQ$25,AM$1,0) -> 0 | AN10: =IF(IF(AO11=0,0,AO10-AO11)<=0,0,IF(AO11=0,0,AO10-AO11)) -> 0 | AO10: =VLOOKUP($A18,$A$14:$BQ$25,AO$1,0) -> 0 | AP10: =IF(IF(AQ11=0,0,AQ10-AQ11)<=0,0,IF(AQ11=0,0,AQ10-AQ11)) -> 0 | AQ10: =VLOOKUP($A18,$A$14:$BQ$25,AQ$1,0) -> 0 | AR10: =IF(AS11=0,0,AS10-AS11) -> 0 | AS10: =VLOOKUP($A18,$A$14:$BQ$25,AS$1,0) -> 0 | AT10: =IF(IF(AU11=0,0,AU10-AU11)<=0,0,IF(AU11=0,0,AU10-AU11)) -> 0 | AU10: =VLOOKUP($A18,$A$14:$BQ$25,AU$1,0) -> 0 | AV10: =IF(IF(AW11=0,0,AW10-AW11)<=0,0,IF(AW11=0,0,AW10-AW11)) -> 0 | AW10: =VLOOKUP($A18,$A$14:$BQ$25,AW$1,0) -> 0 | AX10: =IF(IF(AY11=0,0,AY10-AY11)<=0,0,IF(AY11=0,0,AY10-AY11)) -> 0 | AY10: =VLOOKUP($A18,$A$14:$BQ$25,AY$1,0) -> 0 | AZ10: =IF(IF(BA11=0,0,BA10-BA11)<=0,0,IF(BA11=0,0,BA10-BA11)) -> 0 | BA10: =VLOOKUP($A18,$A$14:$BQ$25,BA$1,0) -> 45300 | BB10: =IF(IF(BC11=0,0,BC10-BC11)<=0,0,IF(BC11=0,0,BC10-BC11)) -> 0 | BC10: =VLOOKUP($A18,$A$14:$BQ$25,BC$1,0) -> 0 | BD10: =IF(IF(BE11=0,0,BE10-BE11)<=0,0,IF(BE11=0,0,BE10-BE11)) -> 0 | BE10: =VLOOKUP($A18,$A$14:$BQ$25,BE$1,0) -> 0 | BF10: =IF(IF(BG11=0,0,BG10-BG11)<=0,0,IF(BG11=0,0,BG10-BG11)) -> 0 | BG10: =VLOOKUP($A18,$A$14:$BQ$25,BG$1,0) -> 0 | BH10: =IF(IF(BI11=0,0,BI10-BI11)<=0,0,IF(BI11=0,0,BI10-BI11)) -> 0 | BI10: =VLOOKUP($A18,$A$14:$BQ$25,BI$1,0) -> 0 | BJ10: =IF(IF(BK11=0,0,BK10-BK11)<=0,0,IF(BK11=0,0,BK10-BK11)) -> 0 | BK10: =VLOOKUP($A18,$A$14:$BQ$25,BK$1,0) -> 0 | BL10: =IF(IF(BM11=0,0,BM10-BM11)<=0,0,IF(BM11=0,0,BM10-BM11)) -> 0 | BM10: =VLOOKUP($A18,$A$14:$BQ$25,BM$1,0) -> 0 | BN10: =IF(IF(BO11=0,0,BO10-BO11)<=0,0,IF(BO11=0,0,BO10-BO11)) -> 29 | BO10: =VLOOKUP($A18,$A$14:$BQ$25,BO$1,0) -> 45542 | BP10: =IF(IF(BQ11=0,0,BQ10-BQ11)<=0,0,IF(BQ11=0,0,BQ10-BQ11)) -> 0 | BQ10: =VLOOKUP($A18,$A$14:$BQ$25,BQ$1,0) -> 0
B11: =IF(IF(C12=0,0,C11-C12)<=0,0,IF(C12=0,0,C11-C12)) -> 0 | C11: =VLOOKUP($A19,$A$14:$BQ$25,C$1,0) -> 0 | D11: =IF(IF(E12=0,0,E11-E12)<=0,0,IF(E12=0,0,E11-E12)) -> 0 | E11: =VLOOKUP($A19,$A$14:$BQ$25,E$1,0) -> 0 | F11: =IF(IF(G12=0,0,G11-G12)<=0,0,IF(G12=0,0,G11-G12)) -> 0 | G11: =VLOOKUP($A19,$A$14:$BQ$25,G$1,0) -> 0 | H11: =IF(IF(I12=0,0,I11-I12)<=0,0,IF(I12=0,0,I11-I12)) -> 0 | I11: =VLOOKUP($A19,$A$14:$BQ$25,I$1,0) -> 0 | J11: =IF(IF(K12=0,0,K11-K12)<=0,0,IF(K12=0,0,K11-K12)) -> 0 | K11: =VLOOKUP($A19,$A$14:$BQ$25,K$1,0) -> 0 | L11: =IF(IF(M12=0,0,M11-M12)<=0,0,IF(M12=0,0,M11-M12)) -> 0 | M11: =VLOOKUP($A19,$A$14:$BQ$25,M$1,0) -> 0 | N11: =IF(IF(O12=0,0,O11-O12)<=0,0,IF(O12=0,0,O11-O12)) -> 0 | O11: =VLOOKUP($A19,$A$14:$BQ$25,O$1,0) -> 0 | P11: =IF(IF(Q12=0,0,Q11-Q12)<=0,0,IF(Q12=0,0,Q11-Q12)) -> 0 | Q11: =VLOOKUP($A19,$A$14:$BQ$25,Q$1,0) -> 0 | R11: =IF(IF(S12=0,0,S11-S12)<=0,0,IF(S12=0,0,S11-S12)) -> 0 | S11: =VLOOKUP($A19,$A$14:$BQ$25,S$1,0) -> 0 | T11: =IF(IF(U12=0,0,U11-U12)<=0,0,IF(U12=0,0,U11-U12)) -> 0 | U11: =VLOOKUP($A19,$A$14:$BQ$25,U$1,0) -> 0 | V11: =IF(IF(W12=0,0,W11-W12)<=0,0,IF(W12=0,0,W11-W12)) -> 0 | W11: =VLOOKUP($A19,$A$14:$BQ$25,W$1,0) -> 0 | X11: =IF(IF(Y12=0,0,Y11-Y12)<=0,0,IF(Y12=0,0,Y11-Y12)) -> 0 | Y11: =VLOOKUP($A19,$A$14:$BQ$25,Y$1,0) -> 0 | Z11: =IF(IF(AA12=0,0,AA11-AA12)<=0,0,IF(AA12=0,0,AA11-AA12)) -> 0 | AA11: =VLOOKUP($A19,$A$14:$BQ$25,AA$1,0) -> 0 | AB11: =IF(IF(AC12=0,0,AC11-AC12)<=0,0,IF(AC12=0,0,AC11-AC12)) -> 0 | AC11: =VLOOKUP($A19,$A$14:$BQ$25,AC$1,0) -> 0 | AD11: =IF(IF(AE12=0,0,AE11-AE12)<=0,0,IF(AE12=0,0,AE11-AE12)) -> 0 | AE11: =VLOOKUP($A19,$A$14:$BQ$25,AE$1,0) -> 0 | AF11: =IF(IF(AG12=0,0,AG11-AG12)<=0,0,IF(AG12=0,0,AG11-AG12)) -> 0 | AG11: =VLOOKUP($A19,$A$14:$BQ$25,AG$1,0) -> 0 | AH11: =IF(IF(AI12=0,0,AI11-AI12)<=0,0,IF(AI12=0,0,AI11-AI12)) -> 0 | AI11: =VLOOKUP($A19,$A$14:$BQ$25,AI$1,0) -> 0 | AJ11: =IF(IF(AK12=0,0,AK11-AK12)<=0,0,IF(AK12=0,0,AK11-AK12)) -> 0 | AK11: =VLOOKUP($A19,$A$14:$BQ$25,AK$1,0) -> 0 | AL11: =IF(IF(AM12=0,0,AM11-AM12)<=0,0,IF(AM12=0,0,AM11-AM12)) -> 0 | AM11: =VLOOKUP($A19,$A$14:$BQ$25,AM$1,0) -> 0 | AN11: =IF(IF(AO12=0,0,AO11-AO12)<=0,0,IF(AO12=0,0,AO11-AO12)) -> 0 | AO11: =VLOOKUP($A19,$A$14:$BQ$25,AO$1,0) -> 0 | AP11: =IF(IF(AQ12=0,0,AQ11-AQ12)<=0,0,IF(AQ12=0,0,AQ11-AQ12)) -> 0 | AQ11: =VLOOKUP($A19,$A$14:$BQ$25,AQ$1,0) -> 0 | AR11: =IF(AS12=0,0,AS11-AS12) -> 0 | AS11: =VLOOKUP($A19,$A$14:$BQ$25,AS$1,0) -> 0 | AT11: =IF(IF(AU12=0,0,AU11-AU12)<=0,0,IF(AU12=0,0,AU11-AU12)) -> 0 | AU11: =VLOOKUP($A19,$A$14:$BQ$25,AU$1,0) -> 0 | AV11: =IF(IF(AW12=0,0,AW11-AW12)<=0,0,IF(AW12=0,0,AW11-AW12)) -> 0 | AW11: =VLOOKUP($A19,$A$14:$BQ$25,AW$1,0) -> 0 | AX11: =IF(IF(AY12=0,0,AY11-AY12)<=0,0,IF(AY12=0,0,AY11-AY12)) -> 0 | AY11: =VLOOKUP($A19,$A$14:$BQ$25,AY$1,0) -> 0 | AZ11: =IF(IF(BA12=0,0,BA11-BA12)<=0,0,IF(BA12=0,0,BA11-BA12)) -> 0 | BA11: =VLOOKUP($A19,$A$14:$BQ$25,BA$1,0) -> 0 | BB11: =IF(IF(BC12=0,0,BC11-BC12)<=0,0,IF(BC12=0,0,BC11-BC12)) -> 0 | BC11: =VLOOKUP($A19,$A$14:$BQ$25,BC$1,0) -> 0 | BD11: =IF(IF(BE12=0,0,BE11-BE12)<=0,0,IF(BE12=0,0,BE11-BE12)) -> 0 | BE11: =VLOOKUP($A19,$A$14:$BQ$25,BE$1,0) -> 0 | BF11: =IF(IF(BG12=0,0,BG11-BG12)<=0,0,IF(BG12=0,0,BG11-BG12)) -> 0 | BG11: =VLOOKUP($A19,$A$14:$BQ$25,BG$1,0) -> 0 | BH11: =IF(IF(BI12=0,0,BI11-BI12)<=0,0,IF(BI12=0,0,BI11-BI12)) -> 0 | BI11: =VLOOKUP($A19,$A$14:$BQ$25,BI$1,0) -> 0 | BJ11: =IF(IF(BK12=0,0,BK11-BK12)<=0,0,IF(BK12=0,0,BK11-BK12)) -> 0 | BK11: =VLOOKUP($A19,$A$14:$BQ$25,BK$1,0) -> 0 | BL11: =IF(IF(BM12=0,0,BM11-BM12)<=0,0,IF(BM12=0,0,BM11-BM12)) -> 0 | BM11: =VLOOKUP($A19,$A$14:$BQ$25,BM$1,0) -> 0 | BN11: =IF(IF(BO12=0,0,BO11-BO12)<=0,0,IF(BO12=0,0,BO11-BO12)) -> 17 | BO11: =VLOOKUP($A19,$A$14:$BQ$25,BO$1,0) -> 45513 | BP11: =IF(IF(BQ12=0,0,BQ11-BQ12)<=0,0,IF(BQ12=0,0,BQ11-BQ12)) -> 0 | BQ11: =VLOOKUP($A19,$A$14:$BQ$25,BQ$1,0) -> 0
C12: =VLOOKUP($A20,$A$14:$BQ$25,C$1,0) -> 0 | E12: =VLOOKUP($A20,$A$14:$BQ$25,E$1,0) -> 0 | G12: =VLOOKUP($A20,$A$14:$BQ$25,G$1,0) -> 0 | I12: =VLOOKUP($A20,$A$14:$BQ$25,I$1,0) -> 0 | K12: =VLOOKUP($A20,$A$14:$BQ$25,K$1,0) -> 0 | M12: =VLOOKUP($A20,$A$14:$BQ$25,M$1,0) -> 0 | O12: =VLOOKUP($A20,$A$14:$BQ$25,O$1,0) -> 0 | Q12: =VLOOKUP($A20,$A$14:$BQ$25,Q$1,0) -> 0 | S12: =VLOOKUP($A20,$A$14:$BQ$25,S$1,0) -> 0 | U12: =VLOOKUP($A20,$A$14:$BQ$25,U$1,0) -> 0 | W12: =VLOOKUP($A20,$A$14:$BQ$25,W$1,0) -> 0 | Y12: =VLOOKUP($A20,$A$14:$BQ$25,Y$1,0) -> 0 | AA12: =VLOOKUP($A20,$A$14:$BQ$25,AA$1,0) -> 0 | AC12: =VLOOKUP($A20,$A$14:$BQ$25,AC$1,0) -> 0 | AE12: =VLOOKUP($A20,$A$14:$BQ$25,AE$1,0) -> 0 | AG12: =VLOOKUP($A20,$A$14:$BQ$25,AG$1,0) -> 0 | AI12: =VLOOKUP($A20,$A$14:$BQ$25,AI$1,0) -> 0 | AK12: =VLOOKUP($A20,$A$14:$BQ$25,AK$1,0) -> 0 | AM12: =VLOOKUP($A20,$A$14:$BQ$25,AM$1,0) -> 0 | AO12: =VLOOKUP($A20,$A$14:$BQ$25,AO$1,0) -> 0 | AQ12: =VLOOKUP($A20,$A$14:$BQ$25,AQ$1,0) -> 0 | AS12: =VLOOKUP($A20,$A$14:$BQ$25,AS$1,0) -> 0 | AU12: =VLOOKUP($A20,$A$14:$BQ$25,AU$1,0) -> 0 | AW12: =VLOOKUP($A20,$A$14:$BQ$25,AW$1,0) -> 0 | AY12: =VLOOKUP($A20,$A$14:$BQ$25,AY$1,0) -> 0 | BA12: =VLOOKUP($A20,$A$14:$BQ$25,BA$1,0) -> 0 | BC12: =VLOOKUP($A20,$A$14:$BQ$25,BC$1,0) -> 0 | BE12: =VLOOKUP($A20,$A$14:$BQ$25,BE$1,0) -> 0 | BG12: =VLOOKUP($A20,$A$14:$BQ$25,BG$1,0) -> 0 | BI12: =VLOOKUP($A20,$A$14:$BQ$25,BI$1,0) -> 0 | BK12: =VLOOKUP($A20,$A$14:$BQ$25,BK$1,0) -> 0 | BM12: =VLOOKUP($A20,$A$14:$BQ$25,BM$1,0) -> 0 | BO12: =VLOOKUP($A20,$A$14:$BQ$25,BO$1,0) -> 45496 | BQ12: =VLOOKUP($A20,$A$14:$BQ$25,BQ$1,0) -> 0
A14: =ROW()-13 -> 1 | O14: 45876 | AI14: 45784 | BA14: 45663 | BK14: 45904 | BO14: 45958 | BQ14: 45330
A15: =ROW()-13 -> 2 | AI15: 45512 | BA15: 45372 | BK15: 45513 | BO15: 45912 | BQ15: 45300
A16: =ROW()-13 -> 3 | AI16: 45372 | BA16: 45330 | BK16: 45426 | BO16: 45723
A17: =ROW()-13 -> 4 | BA17: 45316 | BO17: 45636
A18: =ROW()-13 -> 5 | BA18: 45300 | BO18: 45542
A19: =ROW()-13 -> 6 | BO19: 45513
A20: =ROW()-13 -> 7 | BO20: 45496
A21: =ROW()-13 -> 8 | BO21: 45482
A22: =ROW()-13 -> 9 | BO22: 45468
A23: =ROW()-13 -> 10
A24: =ROW()-13 -> 11
A25: =ROW()-13 -> 12
A26: =ROW()-13 -> 13
A27: =ROW()-13 -> 14
A28: =ROW()-13 -> 15
A29: =ROW()-13 -> 16
A30: =ROW()-13 -> 17
A31: =ROW()-13 -> 18
A32: =ROW()-13 -> 19
A33: =ROW()-13 -> 20
A34: =ROW()-13 -> 21
... A113: =ROW()-13 -> 100

Sheet 참고.컴프 오일 주기
A1: 1 | B1: 2 | C1: 3 | D1: 4 | E1: 5 | F1: 6 | G1: 7 | H1: 8 | I1: 9 | J1: 10 | K1: 11 | L1: 12 | M1: 13 | N1: 14 | O1: 15 | P1: 16 | Q1: 17 | R1: 18 | S1: 19 | T1: 20 | U1: 21 | V1: 22 | W1: 23 | X1: 24 | Y1: 25 | Z1: 26 | AA1: 27 | AB1: 28 | AC1: 29 | AD1: 30 | AE1: 31 | AF1: 32 | AG1: 33 | AH1: 34 | AI1: 35 | AJ1: 36 | AK1: 37 | AL1: 38 | AM1: 39 | AN1: 40 | AO1: 41 | AP1: 42 | AQ1: 43 | AR1: 44 | AS1: 45 | AT1: 46 | AU1: 47 | AV1: 48 | AW1: 49 | AX1: 50 | AY1: 51 | AZ1: 52 | BA1: 53 | BB1: 54 | BC1: 55 | BD1: 56 | BE1: 57 | BF1: 58 | BG1: 59 | BH1: 60 | BI1: 61 | BJ1: 62 | BK1: 63 | BL1: 64 | BM1: 65 | BN1: 66 | BO1: 67 | BP1: 68 | BQ1: 69
A2: 배수 | B2: 8층 | J2: 7층 | P2: 6층 | V2: 5층 | AB2: 3층 | AH2: 2층 | AL2: 1층 | AR2: B1층 | AX2: B2층 | BD2: B3층 | BH2: B4층 | BN2: B5층
B3: 계단 위 | D3: 연구동 | H3: 사무동 | J3: 연구동 | N3: 사무동 | P3: 연구동 | T3: 사무동 | V3: 연구동 | Z3: 사무동 | AB3: 연구동 | AF3: 사무동 | AH3: 연구동 | AJ3: 사무동 | AL3: 연구동 | AP3: 사무동
B4: PS실 | D4: 공조실 | F4: PS실 | H4: PS실 | J4: 공조실 | L4: PS실 | N4: PS실 | P4: 공조실 | R4: PS실 | T4: PS실 | V4: 공조실 | X4: PS실 | Z4: PS실 | AB4: 공조실 | AD4: PS실 | AF4: PS실 | AH4: PS실 | AJ4: PS실 | AL4: 공조실 | AN4: PS실 | AP4: PS실 | AR4: 공조실 | AT4: 식당 | AV4: 화장실 | AX4: 공조실 | AZ4: CPX실 | BB4: PS실 | BD4: 휀룸1 | BF4: 기사대기실 | BH4: 휀룸1 | BJ4: 기계실 | BL4: 창고 | BN4: 휀룸1 | BP4: 휀룸2
A5: 트렌드
A6: 이번 주기 | B6: =IF(IF(C7=0,0,C6-C7)<=0,0,IF(C7=0,0,C6-C7)) -> 431 | C6: =VLOOKUP($A15,$A$15:$BQ$26,C$1,0) -> 45912 | D6: =IF(IF(E7=0,0,E6-E7)<=0,0,IF(E7=0,0,E6-E7)) -> 15 | E6: =VLOOKUP($A15,$A$15:$BQ$26,E$1,0) -> 46024 | F6: =IF(IF(G7=0,0,G6-G7)<=0,0,IF(G7=0,0,G6-G7)) -> 0 | G6: =VLOOKUP($A15,$A$15:$BQ$26,G$1,0) -> 0 | H6: =IF(IF(I7=0,0,I6-I7)<=0,0,IF(I7=0,0,I6-I7)) -> 0 | I6: =VLOOKUP($A15,$A$15:$BQ$26,I$1,0) -> 0 | J6: =IF(IF(K7=0,0,K6-K7)<=0,0,IF(K7=0,0,K6-K7)) -> 0 | K6: =VLOOKUP($A15,$A$15:$BQ$26,K$1,0) -> 45912 | L6: =IF(IF(M7=0,0,M6-M7)<=0,0,IF(M7=0,0,M6-M7)) -> 0 | M6: =VLOOKUP($A15,$A$15:$BQ$26,M$1,0) -> 0 | N6: =IF(IF(O7=0,0,O6-O7)<=0,0,IF(O7=0,0,O6-O7)) -> 234 | O6: =VLOOKUP($A15,$A$15:$BQ$26,O$1,0) -> 45912 | P6: =IF(IF(Q7=0,0,Q6-Q7)<=0,0,IF(Q7=0,0,Q6-Q7)) -> 257 | Q6: =VLOOKUP($A15,$A$15:$BQ$26,Q$1,0) -> 45784 | R6: =IF(IF(S7=0,0,S6-S7)<=0,0,IF(S7=0,0,S6-S7)) -> 61 | S6: =VLOOKUP($A15,$A$15:$BQ$26,S$1,0) -> 45845 | T6: =IF(IF(U7=0,0,U6-U7)<=0,0,IF(U7=0,0,U6-U7)) -> 29 | U6: =VLOOKUP($A15,$A$15:$BQ$26,U$1,0) -> 46072 | V6: =IF(IF(W7=0,0,W6-W7)<=0,0,IF(W7=0,0,W6-W7)) -> 304 | W6: =VLOOKUP($A15,$A$15:$BQ$26,W$1,0) -> 45831 | X6: =IF(IF(Y7=0,0,Y6-Y7)<=0,0,IF(Y7=0,0,Y6-Y7)) -> 0 | Y6: =VLOOKUP($A15,$A$15:$BQ$26,Y$1,0) -> 46003 | Z6: =IF(IF(AA7=0,0,AA6-AA7)<=0,0,IF(AA7=0,0,AA6-AA7)) -> 95 | AA6: =VLOOKUP($A15,$A$15:$BQ$26,AA$1,0) -> 45912 | AB6: =IF(IF(AC7=0,0,AC6-AC7)<=0,0,IF(AC7=0,0,AC6-AC7)) -> 0 | AC6: =VLOOKUP($A15,$A$15:$BQ$26,AC$1,0) -> 45967 | AD6: =IF(IF(AE7=0,0,AE6-AE7)<=0,0,IF(AE7=0,0,AE6-AE7)) -> 0 | AE6: =VLOOKUP($A15,$A$15:$BQ$26,AE$1,0) -> 0 | AF6: =IF(IF(AG7=0,0,AG6-AG7)<=0,0,IF(AG7=0,0,AG6-AG7)) -> 114 | AG6: =VLOOKUP($A15,$A$15:$BQ$26,AG$1,0) -> 46072 | AH6: =IF(IF(AI7=0,0,AI6-AI7)<=0,0,IF(AI7=0,0,AI6-AI7)) -> 335 | AI6: =VLOOKUP($A15,$A$15:$BQ$26,AI$1,0) -> 45862 | AJ6: =IF(IF(AK7=0,0,AK6-AK7)<=0,0,IF(AK7=0,0,AK6-AK7)) -> 437 | AK6: =VLOOKUP($A15,$A$15:$BQ$26,AK$1,0) -> 45862 | AL6: =IF(IF(AM7=0,0,AM6-AM7)<=0,0,IF(AM7=0,0,AM6-AM7)) -> 0 | AM6: =VLOOKUP($A15,$A$15:$BQ$26,AM$1,0) -> 45299 | AN6: =IF(IF(AO7=0,0,AO6-AO7)<=0,0,IF(AO7=0,0,AO6-AO7)) -> 0 | AO6: =VLOOKUP($A15,$A$15:$BQ$26,AO$1,0) -> 46003 | AP6: =IF(IF(AQ7=0,0,AQ6-AQ7)<=0,0,IF(AQ7=0,0,AQ6-AQ7)) -> 0 | AQ6: =VLOOKUP($A15,$A$15:$BQ$26,AQ$1,0) -> 45737 | AR6: =IF(IF(AS7=0,0,AS6-AS7)<=0,0,IF(AS7=0,0,AS6-AS7)) -> 196 | AS6: =VLOOKUP($A15,$A$15:$BQ$26,AS$1,0) -> 45663 | AT6: =IF(IF(AU7=0,0,AU6-AU7)<=0,0,IF(AU7=0,0,AU6-AU7)) -> 56 | AU6: =VLOOKUP($A15,$A$15:$BQ$26,AU$1,0) -> 45482 | AV6: =IF(IF(AW7=0,0,AW6-AW7)<=0,0,IF(AW7=0,0,AW6-AW7)) -> 0 | AW6: =VLOOKUP($A15,$A$15:$BQ$26,AW$1,0) -> 0 | AX6: =IF(IF(AY7=0,0,AY6-AY7)<=0,0,IF(AY7=0,0,AY6-AY7)) -> 126 | AY6: =VLOOKUP($A15,$A$15:$BQ$26,AY$1,0) -> 46003 | AZ6: =IF(IF(BA7=0,0,BA6-BA7)<=0,0,IF(BA7=0,0,BA6-BA7)) -> 0 | BA6: =VLOOKUP($A15,$A$15:$BQ$26,BA$1,0) -> 45344 | BB6: =IF(IF(BC7=0,0,BC6-BC7)<=0,0,IF(BC7=0,0,BC6-BC7)) -> 206 | BC6: =VLOOKUP($A15,$A$15:$BQ$26,BC$1,0) -> 46003 | BD6: =IF(IF(BE7=0,0,BE6-BE7)<=0,0,IF(BE7=0,0,BE6-BE7)) -> 63 | BE6: =VLOOKUP($A15,$A$15:$BQ$26,BE$1,0) -> 46003 | BF6: =IF(IF(BG7=0,0,BG6-BG7)<=0,0,IF(BG7=0,0,BG6-BG7)) -> 28 | BG6: =VLOOKUP($A15,$A$15:$BQ$26,BG$1,0) -> 46031 | BH6: =IF(IF(BI7=0,0,BI6-BI7)<=0,0,IF(BI7=0,0,BI6-BI7)) -> 0 | BI6: =VLOOKUP($A15,$A$15:$BQ$26,BI$1,0) -> 0 | BJ6: =IF(IF(BK7=0,0,BK6-BK7)<=0,0,IF(BK7=0,0,BK6-BK7)) -> 19 | BK6: =VLOOKUP($A15,$A$15:$BQ$26,BK$1,0) -> 46043 | BL6: =IF(IF(BM7=0,0,BM6-BM7)<=0,0,IF(BM7=0,0,BM6-BM7)) -> 286 | BM6: =VLOOKUP($A15,$A$15:$BQ$26,BM$1,0) -> 45586 | BN6: =IF(IF(BO7=0,0,BO6-BO7)<=0,0,IF(BO7=0,0,BO6-BO7)) -> 0 | BO6: =VLOOKUP($A15,$A$15:$BQ$26,BO$1,0) -> 45300 | BP6: =IF(IF(BQ7=0,0,BQ6-BQ7)<=0,0,IF(BQ7=0,0,BQ6-BQ7)) -> 476 | BQ6: =VLOOKUP($A15,$A$15:$BQ$26,BQ$1,0) -> 45958
A7: 지난 주기 | B7: =IF(IF(C8=0,0,C7-C8)<=0,0,IF(C8=0,0,C7-C8)) -> 0 | C7: =VLOOKUP($A16,$A$15:$BQ$26,C$1,0) -> 45481 | D7: =IF(IF(E8=0,0,E7-E8)<=0,0,IF(E8=0,0,E7-E8)) -> 13 | E7: =VLOOKUP($A16,$A$15:$BQ$26,E$1,0) -> 46009 | F7: =IF(IF(G8=0,0,G7-G8)<=0,0,IF(G8=0,0,G7-G8)) -> 0 | G7: =VLOOKUP($A16,$A$15:$BQ$26,G$1,0) -> 0 | H7: =IF(IF(I8=0,0,I7-I8)<=0,0,IF(I8=0,0,I7-I8)) -> 0 | I7: =VLOOKUP($A16,$A$15:$BQ$26,I$1,0) -> 0 | J7: =IF(IF(K8=0,0,K7-K8)<=0,0,IF(K8=0,0,K7-K8)) -> 0 | K7: =VLOOKUP($A16,$A$15:$BQ$26,K$1,0) -> 0 | L7: =IF(IF(M8=0,0,M7-M8)<=0,0,IF(M8=0,0,M7-M8)) -> 0 | M7: =VLOOKUP($A16,$A$15:$BQ$26,M$1,0) -> 0 | N7: =IF(IF(O8=0,0,O7-O8)<=0,0,IF(O8=0,0,O7-O8)) -> 441 | O7: =VLOOKUP($A16,$A$15:$BQ$26,O$1,0) -> 45678 | P7: =IF(IF(Q8=0,0,Q7-Q8)<=0,0,IF(Q8=0,0,Q7-Q8)) -> 183 | Q7: =VLOOKUP($A16,$A$15:$BQ$26,Q$1,0) -> 45527 | R7: =IF(IF(S8=0,0,S7-S8)<=0,0,IF(S8=0,0,S7-S8)) -> 264 | S7: =VLOOKUP($A16,$A$15:$BQ$26,S$1,0) -> 45784 | T7: =IF(IF(U8=0,0,U7-U8)<=0,0,IF(U8=0,0,U7-U8)) -> 13 | U7: =VLOOKUP($A16,$A$15:$BQ$26,U$1,0) -> 46043 | V7: =IF(IF(W8=0,0,W7-W8)<=0,0,IF(W8=0,0,W7-W8)) -> 0 | W7: =VLOOKUP($A16,$A$15:$BQ$26,W$1,0) -> 45527 | X7: =IF(IF(Y8=0,0,Y7-Y8)<=0,0,IF(Y8=0,0,Y7-Y8)) -> 0 | Y7: =VLOOKUP($A16,$A$15:$BQ$26,Y$1,0) -> 0 | Z7: =IF(IF(AA8=0,0,AA7-AA8)<=0,0,IF(AA8=0,0,AA7-AA8)) -> 81 | AA7: =VLOOKUP($A16,$A$15:$BQ$26,AA$1,0) -> 45817 | AB7: =IF(IF(AC8=0,0,AC7-AC8)<=0,0,IF(AC8=0,0,AC7-AC8)) -> 0 | AC7: =VLOOKUP($A16,$A$15:$BQ$26,AC$1,0) -> 0 | AD7: =IF(IF(AE8=0,0,AE7-AE8)<=0,0,IF(AE8=0,0,AE7-AE8)) -> 0 | AE7: =VLOOKUP($A16,$A$15:$BQ$26,AE$1,0) -> 0 | AF7: =IF(IF(AG8=0,0,AG7-AG8)<=0,0,IF(AG8=0,0,AG7-AG8)) -> 127 | AG7: =VLOOKUP($A16,$A$15:$BQ$26,AG$1,0) -> 45958 | AH7: =IF(IF(AI8=0,0,AI7-AI8)<=0,0,IF(AI8=0,0,AI7-AI8)) -> 309 | AI7: =VLOOKUP($A16,$A$15:$BQ$26,AI$1,0) -> 45527 | AJ7: =IF(IF(AK8=0,0,AK7-AK8)<=0,0,IF(AK8=0,0,AK7-AK8)) -> 0 | AK7: =VLOOKUP($A16,$A$15:$BQ$26,AK$1,0) -> 45425 | AL7: =IF(IF(AM8=0,0,AM7-AM8)<=0,0,IF(AM8=0,0,AM7-AM8)) -> 0 | AM7: =VLOOKUP($A16,$A$15:$BQ$26,AM$1,0) -> 0 | AN7: =IF(IF(AO8=0,0,AO7-AO8)<=0,0,IF(AO8=0,0,AO7-AO8)) -> 0 | AO7: =VLOOKUP($A16,$A$15:$BQ$26,AO$1,0) -> 0 | AP7: =IF(IF(AQ8=0,0,AQ7-AQ8)<=0,0,IF(AQ8=0,0,AQ7-AQ8)) -> 0 | AQ7: =VLOOKUP($A16,$A$15:$BQ$26,AQ$1,0) -> 0 | AR7: =IF(AS8=0,0,AS7-AS8) -> 312 | AS7: =VLOOKUP($A16,$A$15:$BQ$26,AS$1,0) -> 45467 | AT7: =IF(IF(AU8=0,0,AU7-AU8)<=0,0,IF(AU8=0,0,AU7-AU8)) -> 82 | AU7: =VLOOKUP($A16,$A$15:$BQ$26,AU$1,0) -> 45426 | AV7: =IF(IF(AW8=0,0,AW7-AW8)<=0,0,IF(AW8=0,0,AW7-AW8)) -> 0 | AW7: =VLOOKUP($A16,$A$15:$BQ$26,AW$1,0) -> 0 | AX7: =IF(IF(AY8=0,0,AY7-AY8)<=0,0,IF(AY8=0,0,AY7-AY8)) -> 154 | AY7: =VLOOKUP($A16,$A$15:$BQ$26,AY$1,0) -> 45877 | AZ7: =IF(IF(BA8=0,0,BA7-BA8)<=0,0,IF(BA8=0,0,BA7-BA8)) -> 0 | BA7: =VLOOKUP($A16,$A$15:$BQ$26,BA$1,0) -> 0 | BB7: =IF(IF(BC8=0,0,BC7-BC8)<=0,0,IF(BC8=0,0,BC7-BC8)) -> 119 | BC7: =VLOOKUP($A16,$A$15:$BQ$26,BC$1,0) -> 45797 | BD7: =IF(IF(BE8=0,0,BE7-BE8)<=0,0,IF(BE8=0,0,BE7-BE8)) -> 36 | BE7: =VLOOKUP($A16,$A$15:$BQ$26,BE$1,0) -> 45940 | BF7: =IF(IF(BG8=0,0,BG7-BG8)<=0,0,IF(BG8=0,0,BG7-BG8)) -> 45 | BG7: =VLOOKUP($A16,$A$15:$BQ$26,BG$1,0) -> 46003 | BH7: =IF(IF(BI8=0,0,BI7-BI8)<=0,0,IF(BI8=0,0,BI7-BI8)) -> 0 | BI7: =VLOOKUP($A16,$A$15:$BQ$26,BI$1,0) -> 0 | BJ7: =IF(IF(BK8=0,0,BK7-BK8)<=0,0,IF(BK8=0,0,BK7-BK8)) -> 35 | BK7: =VLOOKUP($A16,$A$15:$BQ$26,BK$1,0) -> 46024 | BL7: =IF(IF(BM8=0,0,BM7-BM8)<=0,0,IF(BM8=0,0,BM7-BM8)) -> 0 | BM7: =VLOOKUP($A16,$A$15:$BQ$26,BM$1,0) -> 45300 | BN7: =IF(IF(BO8=0,0,BO7-BO8)<=0,0,IF(BO8=0,0,BO7-BO8)) -> 0 | BO7: =VLOOKUP($A16,$A$15:$BQ$26,BO$1,0) -> 0 | BP7: =IF(IF(BQ8=0,0,BQ7-BQ8)<=0,0,IF(BQ8=0,0,BQ7-BQ8)) -> 0 | BQ7: =VLOOKUP($A16,$A$15:$BQ$26,BQ$1,0) -> 45482
B8: =IF(IF(C9=0,0,C8-C9)<=0,0,IF(C9=0,0,C8-C9)) -> 0 | C8: =VLOOKUP($A17,$A$15:$BQ$26,C$1,0) -> 0 | D8: =IF(IF(E9=0,0,E8-E9)<=0,0,IF(E9=0,0,E8-E9)) -> 7 | E8: =VLOOKUP($A17,$A$15:$BQ$26,E$1,0) -> 45996 | F8: =IF(IF(G9=0,0,G8-G9)<=0,0,IF(G9=0,0,G8-G9)) -> 0 | G8: =VLOOKUP($A17,$A$15:$BQ$26,G$1,0) -> 0 | H8: =IF(IF(I9=0,0,I8-I9)<=0,0,IF(I9=0,0,I8-I9)) -> 0 | I8: =VLOOKUP($A17,$A$15:$BQ$26,I$1,0) -> 0 | J8: =IF(IF(K9=0,0,K8-K9)<=0,0,IF(K9=0,0,K8-K9)) -> 0 | K8: =VLOOKUP($A17,$A$15:$BQ$26,K$1,0) -> 0 | L8: =IF(IF(M9=0,0,M8-M9)<=0,0,IF(M9=0,0,M8-M9)) -> 0 | M8: =VLOOKUP($A17,$A$15:$BQ$26,M$1,0) -> 0 | N8: =IF(IF(O9=0,0,O8-O9)<=0,0,IF(O9=0,0,O8-O9)) -> 0 | O8: =VLOOKUP($A17,$A$15:$BQ$26,O$1,0) -> 45237 | P8: =IF(IF(Q9=0,0,Q8-Q9)<=0,0,IF(Q9=0,0,Q8-Q9)) -> 139 | Q8: =VLOOKUP($A17,$A$15:$BQ$26,Q$1,0) -> 45344 | R8: =IF(IF(S9=0,0,S8-S9)<=0,0,IF(S9=0,0,S8-S9)) -> 11 | S8: =VLOOKUP($A17,$A$15:$BQ$26,S$1,0) -> 45520 | T8: =IF(IF(U9=0,0,U8-U9)<=0,0,IF(U9=0,0,U8-U9)) -> 6 | U8: =VLOOKUP($A17,$A$15:$BQ$26,U$1,0) -> 46030 | V8: =IF(IF(W9=0,0,W8-W9)<=0,0,IF(W9=0,0,W8-W9)) -> 0 | W8: =VLOOKUP($A17,$A$15:$BQ$26,W$1,0) -> 0 | X8: =IF(IF(Y9=0,0,Y8-Y9)<=0,0,IF(Y9=0,0,Y8-Y9)) -> 0 | Y8: =VLOOKUP($A17,$A$15:$BQ$26,Y$1,0) -> 0 | Z8: =IF(IF(AA9=0,0,AA8-AA9)<=0,0,IF(AA9=0,0,AA8-AA9)) -> 58 | AA8: =VLOOKUP($A17,$A$15:$BQ$26,AA$1,0) -> 45736 | AB8: =IF(IF(AC9=0,0,AC8-AC9)<=0,0,IF(AC9=0,0,AC8-AC9)) -> 0 | AC8: =VLOOKUP($A17,$A$15:$BQ$26,AC$1,0) -> 0 | AD8: =IF(IF(AE9=0,0,AE8-AE9)<=0,0,IF(AE9=0,0,AE8-AE9)) -> 0 | AE8: =VLOOKUP($A17,$A$15:$BQ$26,AE$1,0) -> 0 | AF8: =IF(IF(AG9=0,0,AG8-AG9)<=0,0,IF(AG9=0,0,AG8-AG9)) -> 47 | AG8: =VLOOKUP($A17,$A$15:$BQ$26,AG$1,0) -> 45831 | AH8: =IF(IF(AI9=0,0,AI8-AI9)<=0,0,IF(AI9=0,0,AI8-AI9)) -> 0 | AI8: =VLOOKUP($A17,$A$15:$BQ$26,AI$1,0) -> 45218 | AJ8: =IF(IF(AK9=0,0,AK8-AK9)<=0,0,IF(AK9=0,0,AK8-AK9)) -> 0 | AK8: =VLOOKUP($A17,$A$15:$BQ$26,AK$1,0) -> 0 | AL8: =IF(IF(AM9=0,0,AM8-AM9)<=0,0,IF(AM9=0,0,AM8-AM9)) -> 0 | AM8: =VLOOKUP($A17,$A$15:$BQ$26,AM$1,0) -> 0 | AN8: =IF(IF(AO9=0,0,AO8-AO9)<=0,0,IF(AO9=0,0,AO8-AO9)) -> 0 | AO8: =VLOOKUP($A17,$A$15:$BQ$26,AO$1,0) -> 0 | AP8: =IF(IF(AQ9=0,0,AQ8-AQ9)<=0,0,IF(AQ9=0,0,AQ8-AQ9)) -> 0 | AQ8: =VLOOKUP($A17,$A$15:$BQ$26,AQ$1,0) -> 0 | AR8: =IF(AS9=0,0,AS8-AS9) -> 0 | AS8: =VLOOKUP($A17,$A$15:$BQ$26,AS$1,0) -> 45155 | AT8: =IF(IF(AU9=0,0,AU8-AU9)<=0,0,IF(AU9=0,0,AU8-AU9)) -> 73 | AU8: =VLOOKUP($A17,$A$15:$BQ$26,AU$1,0) -> 45344 | AV8: =IF(IF(AW9=0,0,AW8-AW9)<=0,0,IF(AW9=0,0,AW8-AW9)) -> 0 | AW8: =VLOOKUP($A17,$A$15:$BQ$26,AW$1,0) -> 0 | AX8: =IF(IF(AY9=0,0,AY8-AY9)<=0,0,IF(AY9=0,0,AY8-AY9)) -> 45 | AY8: =VLOOKUP($A17,$A$15:$BQ$26,AY$1,0) -> 45723 | AZ8: =IF(IF(BA9=0,0,BA8-BA9)<=0,0,IF(BA9=0,0,BA8-BA9)) -> 0 | BA8: =VLOOKUP($A17,$A$15:$BQ$26,BA$1,0) -> 0 | BB8: =IF(IF(BC9=0,0,BC8-BC9)<=0,0,IF(BC9=0,0,BC8-BC9)) -> 182 | BC8: =VLOOKUP($A17,$A$15:$BQ$26,BC$1,0) -> 45678 | BD8: =IF(IF(BE9=0,0,BE8-BE9)<=0,0,IF(BE9=0,0,BE8-BE9)) -> 195 | BE8: =VLOOKUP($A17,$A$15:$BQ$26,BE$1,0) -> 45904 | BF8: =IF(IF(BG9=0,0,BG8-BG9)<=0,0,IF(BG9=0,0,BG8-BG9)) -> 26 | BG8: =VLOOKUP($A17,$A$15:$BQ$26,BG$1,0) -> 45958 | BH8: =IF(IF(BI9=0,0,BI8-BI9)<=0,0,IF(BI9=0,0,BI8-BI9)) -> 0 | BI8: =VLOOKUP($A17,$A$15:$BQ$26,BI$1,0) -> 0 | BJ8: =IF(IF(BK9=0,0,BK8-BK9)<=0,0,IF(BK9=0,0,BK8-BK9)) -> 14 | BK8: =VLOOKUP($A17,$A$15:$BQ$26,BK$1,0) -> 45989 | BL8: =IF(IF(BM9=0,0,BM8-BM9)<=0,0,IF(BM9=0,0,BM8-BM9)) -> 0 | BM8: =VLOOKUP($A17,$A$15:$BQ$26,BM$1,0) -> 0 | BN8: =IF(IF(BO9=0,0,BO8-BO9)<=0,0,IF(BO9=0,0,BO8-BO9)) -> 0 | BO8: =VLOOKUP($A17,$A$15:$BQ$26,BO$1,0) -> 0 | BP8: =IF(IF(BQ9=0,0,BQ8-BQ9)<=0,0,IF(BQ9=0,0,BQ8-BQ9)) -> 0 | BQ8: =VLOOKUP($A17,$A$15:$BQ$26,BQ$1,0) -> 0
B9: =IF(IF(C10=0,0,C9-C10)<=0,0,IF(C10=0,0,C9-C10)) -> 0 | C9: =VLOOKUP($A18,$A$15:$BQ$26,C$1,0) -> 0 | D9: =IF(IF(E10=0,0,E9-E10)<=0,0,IF(E10=0,0,E9-E10)) -> 14 | E9: =VLOOKUP($A18,$A$15:$BQ$26,E$1,0) -> 45989 | F9: =IF(IF(G10=0,0,G9-G10)<=0,0,IF(G10=0,0,G9-G10)) -> 0 | G9: =VLOOKUP($A18,$A$15:$BQ$26,G$1,0) -> 0 | H9: =IF(IF(I10=0,0,I9-I10)<=0,0,IF(I10=0,0,I9-I10)) -> 0 | I9: =VLOOKUP($A18,$A$15:$BQ$26,I$1,0) -> 0 | J9: =IF(IF(K10=0,0,K9-K10)<=0,0,IF(K10=0,0,K9-K10)) -> 0 | K9: =VLOOKUP($A18,$A$15:$BQ$26,K$1,0) -> 0 | L9: =IF(IF(M10=0,0,M9-M10)<=0,0,IF(M10=0,0,M9-M10)) -> 0 | M9: =VLOOKUP($A18,$A$15:$BQ$26,M$1,0) -> 0 | N9: =IF(IF(O10=0,0,O9-O10)<=0,0,IF(O10=0,0,O9-O10)) -> 0 | O9: =VLOOKUP($A18,$A$15:$BQ$26,O$1,0) -> 0 | P9: =IF(IF(Q10=0,0,Q9-Q10)<=0,0,IF(Q10=0,0,Q9-Q10)) -> 0 | Q9: =VLOOKUP($A18,$A$15:$BQ$26,Q$1,0) -> 45205 | R9: =IF(IF(S10=0,0,S9-S10)<=0,0,IF(S10=0,0,S9-S10)) -> 10 | S9: =VLOOKUP($A18,$A$15:$BQ$26,S$1,0) -> 45509 | T9: =IF(IF(U10=0,0,U9-U10)<=0,0,IF(U10=0,0,U9-U10)) -> 15 | U9: =VLOOKUP($A18,$A$15:$BQ$26,U$1,0) -> 46024 | V9: =IF(IF(W10=0,0,W9-W10)<=0,0,IF(W10=0,0,W9-W10)) -> 0 | W9: =VLOOKUP($A18,$A$15:$BQ$26,W$1,0) -> 0 | X9: =IF(IF(Y10=0,0,Y9-Y10)<=0,0,IF(Y10=0,0,Y9-Y10)) -> 0 | Y9: =VLOOKUP($A18,$A$15:$BQ$26,Y$1,0) -> 0 | Z9: =IF(IF(AA10=0,0,AA9-AA10)<=0,0,IF(AA10=0,0,AA9-AA10)) -> 71 | AA9: =VLOOKUP($A18,$A$15:$BQ$26,AA$1,0) -> 45678 | AB9: =IF(IF(AC10=0,0,AC9-AC10)<=0,0,IF(AC10=0,0,AC9-AC10)) -> 0 | AC9: =VLOOKUP($A18,$A$15:$BQ$26,AC$1,0) -> 0 | AD9: =IF(IF(AE10=0,0,AE9-AE10)<=0,0,IF(AE10=0,0,AE9-AE10)) -> 0 | AE9: =VLOOKUP($A18,$A$15:$BQ$26,AE$1,0) -> 0 | AF9: =IF(IF(AG10=0,0,AG9-AG10)<=0,0,IF(AG10=0,0,AG9-AG10)) -> 121 | AG9: =VLOOKUP($A18,$A$15:$BQ$26,AG$1,0) -> 45784 | AH9: =IF(IF(AI10=0,0,AI9-AI10)<=0,0,IF(AI10=0,0,AI9-AI10)) -> 0 | AI9: =VLOOKUP($A18,$A$15:$BQ$26,AI$1,0) -> 0 | AJ9: =IF(IF(AK10=0,0,AK9-AK10)<=0,0,IF(AK10=0,0,AK9-AK10)) -> 0 | AK9: =VLOOKUP($A18,$A$15:$BQ$26,AK$1,0) -> 0 | AL9: =IF(IF(AM10=0,0,AM9-AM10)<=0,0,IF(AM10=0,0,AM9-AM10)) -> 0 | AM9: =VLOOKUP($A18,$A$15:$BQ$26,AM$1,0) -> 0 | AN9: =IF(IF(AO10=0,0,AO9-AO10)<=0,0,IF(AO10=0,0,AO9-AO10)) -> 0 | AO9: =VLOOKUP($A18,$A$15:$BQ$26,AO$1,0) -> 0 | AP9: =IF(IF(AQ10=0,0,AQ9-AQ10)<=0,0,IF(AQ10=0,0,AQ9-AQ10)) -> 0 | AQ9: =VLOOKUP($A18,$A$15:$BQ$26,AQ$1,0) -> 0 | AR9: =IF(AS10=0,0,AS9-AS10) -> 0 | AS9: =VLOOKUP($A18,$A$15:$BQ$26,AS$1,0) -> 0 | AT9: =IF(IF(AU10=0,0,AU9-AU10)<=0,0,IF(AU10=0,0,AU9-AU10)) -> 33 | AU9: =VLOOKUP($A18,$A$15:$BQ$26,AU$1,0) -> 45271 | AV9: =IF(IF(AW10=0,0,AW9-AW10)<=0,0,IF(AW10=0,0,AW9-AW10)) -> 0 | AW9: =VLOOKUP($A18,$A$15:$BQ$26,AW$1,0) -> 0 | AX9: =IF(IF(AY10=0,0,AY9-AY10)<=0,0,IF(AY10=0,0,AY9-AY10)) -> 71 | AY9: =VLOOKUP($A18,$A$15:$BQ$26,AY$1,0) -> 45678 | AZ9: =IF(IF(BA10=0,0,BA9-BA10)<=0,0,IF(BA10=0,0,BA9-BA10)) -> 0 | BA9: =VLOOKUP($A18,$A$15:$BQ$26,BA$1,0) -> 0 | BB9: =IF(IF(BC10=0,0,BC9-BC10)<=0,0,IF(BC10=0,0,BC9-BC10)) -> 152 | BC9: =VLOOKUP($A18,$A$15:$BQ$26,BC$1,0) -> 45496 | BD9: =IF(IF(BE10=0,0,BE9-BE10)<=0,0,IF(BE10=0,0,BE9-BE10)) -> 31 | BE9: =VLOOKUP($A18,$A$15:$BQ$26,BE$1,0) -> 45709 | BF9: =IF(IF(BG10=0,0,BG9-BG10)<=0,0,IF(BG10=0,0,BG9-BG10)) -> 20 | BG9: =VLOOKUP($A18,$A$15:$BQ$26,BG$1,0) -> 45932 | BH9: =IF(IF(BI10=0,0,BI9-BI10)<=0,0,IF(BI10=0,0,BI9-BI10)) -> 0 | BI9: =VLOOKUP($A18,$A$15:$BQ$26,BI$1,0) -> 0 | BJ9: =IF(IF(BK10=0,0,BK9-BK10)<=0,0,IF(BK10=0,0,BK9-BK10)) -> 7 | BK9: =VLOOKUP($A18,$A$15:$BQ$26,BK$1,0) -> 45975 | BL9: =IF(IF(BM10=0,0,BM9-BM10)<=0,0,IF(BM10=0,0,BM9-BM10)) -> 0 | BM9: =VLOOKUP($A18,$A$15:$BQ$26,BM$1,0) -> 0 | BN9: =IF(IF(BO10=0,0,BO9-BO10)<=0,0,IF(BO10=0,0,BO9-BO10)) -> 0 | BO9: =VLOOKUP($A18,$A$15:$BQ$26,BO$1,0) -> 0 | BP9: =IF(IF(BQ10=0,0,BQ9-BQ10)<=0,0,IF(BQ10=0,0,BQ9-BQ10)) -> 0 | BQ9: =VLOOKUP($A18,$A$15:$BQ$26,BQ$1,0) -> 0
B10: =IF(IF(C11=0,0,C10-C11)<=0,0,IF(C11=0,0,C10-C11)) -> 0 | C10: =VLOOKUP($A19,$A$15:$BQ$26,C$1,0) -> 0 | D10: =IF(IF(E11=0,0,E10-E11)<=0,0,IF(E11=0,0,E10-E11)) -> 8 | E10: =VLOOKUP($A19,$A$15:$BQ$26,E$1,0) -> 45975 | F10: =IF(IF(G11=0,0,G10-G11)<=0,0,IF(G11=0,0,G10-G11)) -> 0 | G10: =VLOOKUP($A19,$A$15:$BQ$26,G$1,0) -> 0 | H10: =IF(IF(I11=0,0,I10-I11)<=0,0,IF(I11=0,0,I10-I11)) -> 0 | I10: =VLOOKUP($A19,$A$15:$BQ$26,I$1,0) -> 0 | J10: =IF(IF(K11=0,0,K10-K11)<=0,0,IF(K11=0,0,K10-K11)) -> 0 | K10: =VLOOKUP($A19,$A$15:$BQ$26,K$1,0) -> 0 | L10: =IF(IF(M11=0,0,M10-M11)<=0,0,IF(M11=0,0,M10-M11)) -> 0 | M10: =VLOOKUP($A19,$A$15:$BQ$26,M$1,0) -> 0 | N10: =IF(IF(O11=0,0,O10-O11)<=0,0,IF(O11=0,0,O10-O11)) -> 0 | O10: =VLOOKUP($A19,$A$15:$BQ$26,O$1,0) -> 0 | P10: =IF(IF(Q11=0,0,Q10-Q11)<=0,0,IF(Q11=0,0,Q10-Q11)) -> 0 | Q10: =VLOOKUP($A19,$A$15:$BQ$26,Q$1,0) -> 0 | R10: =IF(IF(S11=0,0,S10-S11)<=0,0,IF(S11=0,0,S10-S11)) -> 0 | S10: =VLOOKUP($A19,$A$15:$BQ$26,S$1,0) -> 45499 | T10: =IF(IF(U11=0,0,U10-U11)<=0,0,IF(U11=0,0,U10-U11)) -> 6 | U10: =VLOOKUP($A19,$A$15:$BQ$26,U$1,0) -> 46009 | V10: =IF(IF(W11=0,0,W10-W11)<=0,0,IF(W11=0,0,W10-W11)) -> 0 | W10: =VLOOKUP($A19,$A$15:$BQ$26,W$1,0) -> 0 | X10: =IF(IF(Y11=0,0,Y10-Y11)<=0,0,IF(Y11=0,0,Y10-Y11)) -> 0 | Y10: =VLOOKUP($A19,$A$15:$BQ$26,Y$1,0) -> 0 | Z10: =IF(IF(AA11=0,0,AA10-AA11)<=0,0,IF(AA11=0,0,AA10-AA11)) -> 21 | AA10: =VLOOKUP($A19,$A$15:$BQ$26,AA$1,0) -> 45607 | AB10: =IF(IF(AC11=0,0,AC10-AC11)<=0,0,IF(AC11=0,0,AC10-AC11)) -> 0 | AC10: =VLOOKUP($A19,$A$15:$BQ$26,AC$1,0) -> 0 | AD10: =IF(IF(AE11=0,0,AE10-AE11)<=0,0,IF(AE11=0,0,AE10-AE11)) -> 0 | AE10: =VLOOKUP($A19,$A$15:$BQ$26,AE$1,0) -> 0 | AF10: =IF(IF(AG11=0,0,AG10-AG11)<=0,0,IF(AG11=0,0,AG10-AG11)) -> 0 | AG10: =VLOOKUP($A19,$A$15:$BQ$26,AG$1,0) -> 45663 | AH10: =IF(IF(AI11=0,0,AI10-AI11)<=0,0,IF(AI11=0,0,AI10-AI11)) -> 0 | AI10: =VLOOKUP($A19,$A$15:$BQ$26,AI$1,0) -> 0 | AJ10: =IF(IF(AK11=0,0,AK10-AK11)<=0,0,IF(AK11=0,0,AK10-AK11)) -> 0 | AK10: =VLOOKUP($A19,$A$15:$BQ$26,AK$1,0) -> 0 | AL10: =IF(IF(AM11=0,0,AM10-AM11)<=0,0,IF(AM11=0,0,AM10-AM11)) -> 0 | AM10: =VLOOKUP($A19,$A$15:$BQ$26,AM$1,0) -> 0 | AN10: =IF(IF(AO11=0,0,AO10-AO11)<=0,0,IF(AO11=0,0,AO10-AO11)) -> 0 | AO10: =VLOOKUP($A19,$A$15:$BQ$26,AO$1,0) -> 0 | AP10: =IF(IF(AQ11=0,0,AQ10-AQ11)<=0,0,IF(AQ11=0,0,AQ10-AQ11)) -> 0 | AQ10: =VLOOKUP($A19,$A$15:$BQ$26,AQ$1,0) -> 0 | AR10: =IF(AS11=0,0,AS10-AS11) -> 0 | AS10: =VLOOKUP($A19,$A$15:$BQ$26,AS$1,0) -> 0 | AT10: =IF(IF(AU11=0,0,AU10-AU11)<=0,0,IF(AU11=0,0,AU10-AU11)) -> 0 | AU10: =VLOOKUP($A19,$A$15:$BQ$26,AU$1,0) -> 45238 | AV10: =IF(IF(AW11=0,0,AW10-AW11)<=0,0,IF(AW11=0,0,AW10-AW11)) -> 0 | AW10: =VLOOKUP($A19,$A$15:$BQ$26,AW$1,0) -> 0 | AX10: =IF(IF(AY11=0,0,AY10-AY11)<=0,0,IF(AY11=0,0,AY10-AY11)) -> 111 | AY10: =VLOOKUP($A19,$A$15:$BQ$26,AY$1,0) -> 45607 | AZ10: =IF(IF(BA11=0,0,BA10-BA11)<=0,0,IF(BA11=0,0,BA10-BA11)) -> 0 | BA10: =VLOOKUP($A19,$A$15:$BQ$26,BA$1,0) -> 0 | BB10: =IF(IF(BC11=0,0,BC10-BC11)<=0,0,IF(BC11=0,0,BC10-BC11)) -> 139 | BC10: =VLOOKUP($A19,$A$15:$BQ$26,BC$1,0) -> 45344 | BD10: =IF(IF(BE11=0,0,BE10-BE11)<=0,0,IF(BE11=0,0,BE10-BE11)) -> 158 | BE10: =VLOOKUP($A19,$A$15:$BQ$26,BE$1,0) -> 45678 | BF10: =IF(IF(BG11=0,0,BG10-BG11)<=0,0,IF(BG11=0,0,BG10-BG11)) -> 8 | BG10: =VLOOKUP($A19,$A$15:$BQ$26,BG$1,0) -> 45912 | BH10: =IF(IF(BI11=0,0,BI10-BI11)<=0,0,IF(BI11=0,0,BI10-BI11)) -> 0 | BI10: =VLOOKUP($A19,$A$15:$BQ$26,BI$1,0) -> 0 | BJ10: =IF(IF(BK11=0,0,BK10-BK11)<=0,0,IF(BK11=0,0,BK10-BK11)) -> 10 | BK10: =VLOOKUP($A19,$A$15:$BQ$26,BK$1,0) -> 45968 | BL10: =IF(IF(BM11=0,0,BM10-BM11)<=0,0,IF(BM11=0,0,BM10-BM11)) -> 0 | BM10: =VLOOKUP($A19,$A$15:$BQ$26,BM$1,0) -> 0 | BN10: =IF(IF(BO11=0,0,BO10-BO11)<=0,0,IF(BO11=0,0,BO10-BO11)) -> 0 | BO10: =VLOOKUP($A19,$A$15:$BQ$26,BO$1,0) -> 0 | BP10: =IF(IF(BQ11=0,0,BQ10-BQ11)<=0,0,IF(BQ11=0,0,BQ10-BQ11)) -> 0 | BQ10: =VLOOKUP($A19,$A$15:$BQ$26,BQ$1,0) -> 0
B11: =IF(IF(C12=0,0,C11-C12)<=0,0,IF(C12=0,0,C11-C12)) -> 0 | C11: =VLOOKUP($A20,$A$15:$BQ$26,C$1,0) -> 0 | D11: =IF(IF(E12=0,0,E11-E12)<=0,0,IF(E12=0,0,E11-E12)) -> 9 | E11: =VLOOKUP($A20,$A$15:$BQ$26,E$1,0) -> 45967 | F11: =IF(IF(G12=0,0,G11-G12)<=0,0,IF(G12=0,0,G11-G12)) -> 0 | G11: =VLOOKUP($A20,$A$15:$BQ$26,G$1,0) -> 0 | H11: =IF(IF(I12=0,0,I11-I12)<=0,0,IF(I12=0,0,I11-I12)) -> 0 | I11: =VLOOKUP($A20,$A$15:$BQ$26,I$1,0) -> 0 | J11: =IF(IF(K12=0,0,K11-K12)<=0,0,IF(K12=0,0,K11-K12)) -> 0 | K11: =VLOOKUP($A20,$A$15:$BQ$26,K$1,0) -> 0 | L11: =IF(IF(M12=0,0,M11-M12)<=0,0,IF(M12=0,0,M11-M12)) -> 0 | M11: =VLOOKUP($A20,$A$15:$BQ$26,M$1,0) -> 0 | N11: =IF(IF(O12=0,0,O11-O12)<=0,0,IF(O12=0,0,O11-O12)) -> 0 | O11: =VLOOKUP($A20,$A$15:$BQ$26,O$1,0) -> 0 | P11: =IF(IF(Q12=0,0,Q11-Q12)<=0,0,IF(Q12=0,0,Q11-Q12)) -> 0 | Q11: =VLOOKUP($A20,$A$15:$BQ$26,Q$1,0) -> 0 | R11: =IF(IF(S12=0,0,S11-S12)<=0,0,IF(S12=0,0,S11-S12)) -> 0 | S11: =VLOOKUP($A20,$A$15:$BQ$26,S$1,0) -> 0 | T11: =IF(IF(U12=0,0,U11-U12)<=0,0,IF(U12=0,0,U11-U12)) -> 8 | U11: =VLOOKUP($A20,$A$15:$BQ$26,U$1,0) -> 46003 | V11: =IF(IF(W12=0,0,W11-W12)<=0,0,IF(W12=0,0,W11-W12)) -> 0 | W11: =VLOOKUP($A20,$A$15:$BQ$26,W$1,0) -> 0 | X11: =IF(IF(Y12=0,0,Y11-Y12)<=0,0,IF(Y12=0,0,Y11-Y12)) -> 0 | Y11: =VLOOKUP($A20,$A$15:$BQ$26,Y$1,0) -> 0 | Z11: =IF(IF(AA12=0,0,AA11-AA12)<=0,0,IF(AA12=0,0,AA11-AA12)) -> 14 | AA11: =VLOOKUP($A20,$A$15:$BQ$26,AA$1,0) -> 45586 | AB11: =IF(IF(AC12=0,0,AC11-AC12)<=0,0,IF(AC12=0,0,AC11-AC12)) -> 0 | AC11: =VLOOKUP($A20,$A$15:$BQ$26,AC$1,0) -> 0 | AD11: =IF(IF(AE12=0,0,AE11-AE12)<=0,0,IF(AE12=0,0,AE11-AE12)) -> 0 | AE11: =VLOOKUP($A20,$A$15:$BQ$26,AE$1,0) -> 0 | AF11: =IF(IF(AG12=0,0,AG11-AG12)<=0,0,IF(AG12=0,0,AG11-AG12)) -> 0 | AG11: =VLOOKUP($A20,$A$15:$BQ$26,AG$1,0) -> 0 | AH11: =IF(IF(AI12=0,0,AI11-AI12)<=0,0,IF(AI12=0,0,AI11-AI12)) -> 0 | AI11: =VLOOKUP($A20,$A$15:$BQ$26,AI$1,0) -> 0 | AJ11: =IF(IF(AK12=0,0,AK11-AK12)<=0,0,IF(AK12=0,0,AK11-AK12)) -> 0 | AK11: =VLOOKUP($A20,$A$15:$BQ$26,AK$1,0) -> 0 | AL11: =IF(IF(AM12=0,0,AM11-AM12)<=0,0,IF(AM12=0,0,AM11-AM12)) -> 0 | AM11: =VLOOKUP($A20,$A$15:$BQ$26,AM$1,0) -> 0 | AN11: =IF(IF(AO12=0,0,AO11-AO12)<=0,0,IF(AO12=0,0,AO11-AO12)) -> 0 | AO11: =VLOOKUP($A20,$A$15:$BQ$26,AO$1,0) -> 0 | AP11: =IF(IF(AQ12=0,0,AQ11-AQ12)<=0,0,IF(AQ12=0,0,AQ11-AQ12)) -> 0 | AQ11: =VLOOKUP($A20,$A$15:$BQ$26,AQ$1,0) -> 0 | AR11: =IF(AS12=0,0,AS11-AS12) -> 0 | AS11: =VLOOKUP($A20,$A$15:$BQ$26,AS$1,0) -> 0 | AT11: =IF(IF(AU12=0,0,AU11-AU12)<=0,0,IF(AU12=0,0,AU11-AU12)) -> 0 | AU11: =VLOOKUP($A20,$A$15:$BQ$26,AU$1,0) -> 0 | AV11: =IF(IF(AW12=0,0,AW11-AW12)<=0,0,IF(AW12=0,0,AW11-AW12)) -> 0 | AW11: =VLOOKUP($A20,$A$15:$BQ$26,AW$1,0) -> 0 | AX11: =IF(IF(AY12=0,0,AY11-AY12)<=0,0,IF(AY12=0,0,AY11-AY12)) -> 152 | AY11: =VLOOKUP($A20,$A$15:$BQ$26,AY$1,0) -> 45496 | AZ11: =IF(IF(BA12=0,0,BA11-BA12)<=0,0,IF(BA12=0,0,BA11-BA12)) -> 0 | BA11: =VLOOKUP($A20,$A$15:$BQ$26,BA$1,0) -> 0 | BB11: =IF(IF(BC12=0,0,BC11-BC12)<=0,0,IF(BC12=0,0,BC11-BC12)) -> 0 | BC11: =VLOOKUP($A20,$A$15:$BQ$26,BC$1,0) -> 45205 | BD11: =IF(IF(BE12=0,0,BE11-BE12)<=0,0,IF(BE12=0,0,BE11-BE12)) -> 94 | BE11: =VLOOKUP($A20,$A$15:$BQ$26,BE$1,0) -> 45520 | BF11: =IF(IF(BG12=0,0,BG11-BG12)<=0,0,IF(BG12=0,0,BG11-BG12)) -> 0 | BG11: =VLOOKUP($A20,$A$15:$BQ$26,BG$1,0) -> 45904 | BH11: =IF(IF(BI12=0,0,BI11-BI12)<=0,0,IF(BI12=0,0,BI11-BI12)) -> 0 | BI11: =VLOOKUP($A20,$A$15:$BQ$26,BI$1,0) -> 0 | BJ11: =IF(IF(BK12=0,0,BK11-BK12)<=0,0,IF(BK12=0,0,BK11-BK12)) -> 18 | BK11: =VLOOKUP($A20,$A$15:$BQ$26,BK$1,0) -> 45958 | BL11: =IF(IF(BM12=0,0,BM11-BM12)<=0,0,IF(BM12=0,0,BM11-BM12)) -> 0 | BM11: =VLOOKUP($A20,$A$15:$BQ$26,BM$1,0) -> 0 | BN11: =IF(IF(BO12=0,0,BO11-BO12)<=0,0,IF(BO12=0,0,BO11-BO12)) -> 0 | BO11: =VLOOKUP($A20,$A$15:$BQ$26,BO$1,0) -> 0 | BP11: =IF(IF(BQ12=0,0,BQ11-BQ12)<=0,0,IF(BQ12=0,0,BQ11-BQ12)) -> 0 | BQ11: =VLOOKUP($A20,$A$15:$BQ$26,BQ$1,0) -> 0
C12: =VLOOKUP($A21,$A$15:$BQ$26,C$1,0) -> 0 | E12: =VLOOKUP($A21,$A$15:$BQ$26,E$1,0) -> 45958 | G12: =VLOOKUP($A21,$A$15:$BQ$26,G$1,0) -> 0 | I12: =VLOOKUP($A21,$A$15:$BQ$26,I$1,0) -> 0 | K12: =VLOOKUP($A21,$A$15:$BQ$26,K$1,0) -> 0 | M12: =VLOOKUP($A21,$A$15:$BQ$26,M$1,0) -> 0 | O12: =VLOOKUP($A21,$A$15:$BQ$26,O$1,0) -> 0 | Q12: =VLOOKUP($A21,$A$15:$BQ$26,Q$1,0) -> 0 | S12: =VLOOKUP($A21,$A$15:$BQ$26,S$1,0) -> 0 | U12: =VLOOKUP($A21,$A$15:$BQ$26,U$1,0) -> 45995 | W12: =VLOOKUP($A21,$A$15:$BQ$26,W$1,0) -> 0 | Y12: =VLOOKUP($A21,$A$15:$BQ$26,Y$1,0) -> 0 | AA12: =VLOOKUP($A21,$A$15:$BQ$26,AA$1,0) -> 45572 | AC12: =VLOOKUP($A21,$A$15:$BQ$26,AC$1,0) -> 0 | AE12: =VLOOKUP($A21,$A$15:$BQ$26,AE$1,0) -> 0 | AG12: =VLOOKUP($A21,$A$15:$BQ$26,AG$1,0) -> 0 | AI12: =VLOOKUP($A21,$A$15:$BQ$26,AI$1,0) -> 0 | AK12: =VLOOKUP($A21,$A$15:$BQ$26,AK$1,0) -> 0 | AM12: =VLOOKUP($A21,$A$15:$BQ$26,AM$1,0) -> 0 | AO12: =VLOOKUP($A21,$A$15:$BQ$26,AO$1,0) -> 0 | AQ12: =VLOOKUP($A21,$A$15:$BQ$26,AQ$1,0) -> 0 | AS12: =VLOOKUP($A21,$A$15:$BQ$26,AS$1,0) -> 0 | AU12: =VLOOKUP($A21,$A$15:$BQ$26,AU$1,0) -> 0 | AW12: =VLOOKUP($A21,$A$15:$BQ$26,AW$1,0) -> 0 | AY12: =VLOOKUP($A21,$A$15:$BQ$26,AY$1,0) -> 45344 | BA12: =VLOOKUP($A21,$A$15:$BQ$26,BA$1,0) -> 0 | BC12: =VLOOKUP($A21,$A$15:$BQ$26,BC$1,0) -> 0 | BE12: =VLOOKUP($A21,$A$15:$BQ$26,BE$1,0) -> 45426 | BG12: =VLOOKUP($A21,$A$15:$BQ$26,BG$1,0) -> 45912 | BI12: =VLOOKUP($A21,$A$15:$BQ$26,BI$1,0) -> 0 | BK12: =VLOOKUP($A21,$A$15:$BQ$26,BK$1,0) -> 45940 | BM12: =VLOOKUP($A21,$A$15:$BQ$26,BM$1,0) -> 0 | BO12: =VLOOKUP($A21,$A$15:$BQ$26,BO$1,0) -> 0 | BQ12: =VLOOKUP($A21,$A$15:$BQ$26,BQ$1,0) -> 0
A15: =ROW()-14 -> 1 | C15: 45912 | E15: 46024 | K15: 45912 | O15: 45912 | Q15: 45784 | S15: 45845 | U15: 46072 | W15: 45831 | Y15: 46003 | AA15: 45912 | AC15: 45967 | AG15: 46072 | AI15: 45862 | AK15: 45862 | AM15: 45299 | AO15: 46003 | AQ15: 45737 | AS15: 45663 | AU15: 45482 | AY15: 46003 | BA15: 45344 | BC15: 46003 | BE15: 46003 | BG15: 46031 | BK15: 46043 | BM15: 45586 | BO15: 45300 | BQ15: 45958
A16: =ROW()-14 -> 2 | C16: 45481 | E16: 46009 | O16: 45678 | Q16: 45527 | S16: 45784 | U16: 46043 | W16: 45527 | AA16: 45817 | AG16: 45958 | AI16: 45527 | AK16: 45425 | AS16: 45467 | AU16: 45426 | AY16: 45877 | BC16: 45797 | BE16: 45940 | BG16: 46003 | BK16: 46024 | BM16: 45300 | BQ16: 45482
A17: =ROW()-14 -> 3 | E17: 45996 | O17: 45237 | Q17: 45344 | S17: 45520 | U17: 46030 | AA17: 45736 | AG17: 45831 | AI17: 45218 | AS17: 45155 | AU17: 45344 | AY17: 45723 | BC17: 45678 | BE17: 45904 | BG17: 45958 | BK17: 45989
A18: =ROW()-14 -> 4 | E18: 45989 | Q18: 45205 | S18: 45509 | U18: 46024 | AA18: 45678 | AG18: 45784 | AU18: 45271 | AY18: 45678 | BC18: 45496 | BE18: 45709 | BG18: 45932 | BK18: 45975
A19: =ROW()-14 -> 5 | E19: 45975 | S19: 45499 | U19: 46009 | AA19: 45607 | AG19: 45663 | AU19: 45238 | AY19: 45607 | BC19: 45344 | BE19: 45678 | BG19: 45912 | BK19: 45968
A20: =ROW()-14 -> 6 | E20: 45967 | U20: 46003 | AA20: 45586 | AY20: 45496 | BC20: 45205 | BE20: 45520 | BG20: 45904 | BK20: 45958
A21: =ROW()-14 -> 7 | E21: 45958 | U21: 45995 | AA21: 45572 | AY21: 45344 | BE21: 45426 | BG21: 45912 | BK21: 45940
A22: =ROW()-14 -> 8 | E22: 45940 | U22: 45989 | AA22: 45562 | AY22: 45268 | BE22: 45345 | BG22: 45904 | BK22: 45932
A23: =ROW()-14 -> 9 | E23: 45932 | U23: 45975 | AA23: 45541 | AY23: 45205 | BE23: 45238 | BG23: 45877 | BK23: 45919
A24: =ROW()-14 -> 10 | E24: 45926 | U24: 45967 | AA24: 45513 | BG24: 45832 | BK24: 45912
A25: =ROW()-14 -> 11 | E25: 45918 | U25: 45958 | AA25: 45467 | BG25: 45797 | BK25: 45904
A26: =ROW()-14 -> 12 | E26: 45912 | U26: 45940 | AA26: 45425 | BG26: 45751 | BK26: 45891
A27: =ROW()-14 -> 13 | E27: 45904 | U27: 45932 | AA27: 45387 | BG27: 45709 | BK27: 45877
A28: =ROW()-14 -> 14 | E28: 45898 | U28: 45926 | AA28: 45344 | BG28: 45663 | BK28: 45863
A29: =ROW()-14 -> 15 | E29: 45877 | U29: 45918 | AA29: 45299 | BG29: 45586 | BK29: 45832
A30: =ROW()-14 -> 16 | E30: 45720 | U30: 45912 | AA30: 45237 | BG30: 45555 | BK30: 45723
A31: =ROW()-14 -> 17 | E31: 45714 | U31: 45898 | BG31: 45527 | BK31: 45663
A32: =ROW()-14 -> 18 | E32: 45710 | U32: 45890 | BG32: 45482 | BK32: 45586
A33: =ROW()-14 -> 19 | E33: 45706 | U33: 45876 | BG33: 45443 | BK33: 45573
A34: =ROW()-14 -> 20 | E34: 45702 | U34: 45862 | BG34: 45387 | BK34: 45555
A35: =ROW()-14 -> 21 | E35: 45698 | U35: 45845 | BG35: 45345 | BK35: 45541
A36: =ROW()-14 -> 22 | E36: 45694 | U36: 45831 | BG36: 45306 | BK36: 45527
A37: =ROW()-14 -> 23 | E37: 45690 | U37: 45817 | BK37: 45513
A38: =ROW()-14 -> 24 | E38: 45686 | U38: 45796 | BK38: 45496
A39: =ROW()-14 -> 25 | E39: 45683 | U39: 45784 | BK39: 45468
A40: =ROW()-14 -> 26 | E40: 45680 | U40: 45765 | BK40: 45443
A41: =ROW()-14 -> 27 | E41: 45677 | U41: 45751 | BK41: 45387
A42: =ROW()-14 -> 28 | E42: 45675 | U42: 45736 | BK42: 45345
A43: =ROW()-14 -> 29 | E43: 45673 | U43: 45723 | BK43: 45238
A44: =ROW()-14 -> 30 | E44: 45671 | U44: 45694
A45: =ROW()-14 -> 31 | E45: 45669 | U45: 45663
A46: =ROW()-14 -> 32 | E46: 45665 | U46: 45635
A47: =ROW()-14 -> 33 | E47: 45659 | U47: 45572
A48: =ROW()-14 -> 34 | E48: 45657 | U48: 45541
A49: =ROW()-14 -> 35 | E49: 45655 | U49: 45481
A50: =ROW()-14 -> 36 | E50: 45647 | U50: 45425
A51: =ROW()-14 -> 37 | U51: 45344
A52: =ROW()-14 -> 38 | U52: 45299
A53: =ROW()-14 -> 39 | U53: 45237
A54: =ROW()-14 -> 40
A55: =ROW()-14 -> 41
A56: =ROW()-14 -> 42
A57: =ROW()-14 -> 43
A58: =ROW()-14 -> 44
A59: =ROW()-14 -> 45
A60: =ROW()-14 -> 46
A61: =ROW()-14 -> 47
A62: =ROW()-14 -> 48
A63: =ROW()-14 -> 49
A64: =ROW()-14 -> 50
A65: =ROW()-14 -> 51
... A114: =ROW()-14 -> 100

Sheet 참고.챔버 패킹 수리 주기
A2: 오늘 날짜 | B2: =TODAY() -> 46073
D4: 층 | E4: 위치 | F4: 위치 상세 | G4: 번호 | H4: 수리 주기 | I4: 최근 수리일 | J4: 지난 수리일 | K4: 지난 주기 | L4: 지난 수리일 | M4: 지난 수리일 | N4: 지난 주기 | O4: 지난 수리일 | P4: 지난 수리일 | Q4: 지난 주기 | R4: 지난 수리일 | S4: 지난 수리일 | T4: 지난 주기 | U4: 지난 수리일 | V4: 지난 수리일 | W4: 지난 주기 | X4: 지난 수리일 | Y4: 지난 수리일 | Z4: 지난 주기 | AA4: 지난 수리일 | AB4: 지난 수리일 | AC4: 지난 주기 | AD4: 지난 수리일 | AE4: 지난 수리일 | AF4: 지난 주기 | AG4: 지난 수리일 | AH4: 지난 수리일
D5: 9 | E5: 3 | F5: 사) 8층 계단 위 | G5: =D5&"-"&E5 -> 9-3 | H5: =IFERROR(DATEDIF(J5,I5,"d"),"신규") -> 0
D6: 8 | E6: 1 | F6: 연) 8층 공조실 | G6: =D6&"-"&E6 -> 8-1 | H6: =IFERROR(DATEDIF(J6,I6,"d"),"신규") -> 0
D7: 8 | E7: 2 | F7: 연) 8층 PS실 | G7: =D7&"-"&E7 -> 8-2 | H7: =IFERROR(DATEDIF(J7,I7,"d"),"신규") -> 0
D8: 8 | E8: 3 | F8: 사) 8층 PS실 | G8: =D8&"-"&E8 -> 8-3 | H8: =IFERROR(DATEDIF(J8,I8,"d"),"신규") -> 0
D9: 7 | E9: 1 | F9: 연) 7층 공조실 | G9: =D9&"-"&E9 -> 7-1 | H9: =IFERROR(DATEDIF(J9,I9,"d"),"신규") -> 0
D10: 7 | E10: 2 | F10: 연) 7층 PS실 | G10: =D10&"-"&E10 -> 7-2 | H10: =IFERROR(DATEDIF(J10,I10,"d"),"신규") -> 0
D11: 7 | E11: 3 | F11: 사) 7층 PS실 | G11: =D11&"-"&E11 -> 7-3 | H11: =IFERROR(DATEDIF(J11,I11,"d"),"신규") -> 0
D12: 6 | E12: 1 | F12: 연) 6층 공조실 | G12: =D12&"-"&E12 -> 6-1 | H12: =IFERROR(DATEDIF(J12,I12,"d"),"신규") -> 0
D13: 6 | E13: 2 | F13: 연) 6층 PS실 | G13: =D13&"-"&E13 -> 6-2 | H13: =IFERROR(DATEDIF(J13,I13,"d"),"신규") -> 신규 | J13: 45489
D14: 6 | E14: 3 | F14: 사) 6층 PS실 | G14: =D14&"-"&E14 -> 6-3 | H14: =IFERROR(DATEDIF(J14,I14,"d"),"신규") -> 0
D15: 5 | E15: 1 | F15: 연) 5층 공조실 | G15: =D15&"-"&E15 -> 5-1 | H15: =IFERROR(DATEDIF(J15,I15,"d"),"신규") -> 0
D16: 5 | E16: 2 | F16: 연) 5층 PS실 | G16: =D16&"-"&E16 -> 5-2 | H16: =IFERROR(DATEDIF(J16,I16,"d"),"신규") -> 0
D17: 5 | E17: 3 | F17: 사) 5층 PS실 | G17: =D17&"-"&E17 -> 5-3 | H17: =IFERROR(DATEDIF(J17,I17,"d"),"신규") -> 0
D18: 3 | E18: 1 | F18: 연) 3층 공조실 | G18: =D18&"-"&E18 -> 3-1 | H18: =IFERROR(DATEDIF(J18,I18,"d"),"신규") -> 0
D19: 3 | E19: 2 | F19: 연) 3층 PS실 | G19: =D19&"-"&E19 -> 3-2 | H19: =IFERROR(DATEDIF(J19,I19,"d"),"신규") -> 0
D20: 3 | E20: 3 | F20: 사) 3층 PS실 | G20: =D20&"-"&E20 -> 3-3 | H20: =IFERROR(DATEDIF(J20,I20,"d"),"신규") -> 0
D21: 2 | E21: 2 | F21: 연) 2층 PS실 | G21: =D21&"-"&E21 -> 2-2 | H21: =IFERROR(DATEDIF(J21,I21,"d"),"신규") -> 0
D22: 2 | E22: 3 | F22: 사) 2층 PS실 | G22: =D22&"-"&E22 -> 2-3 | H22: =IFERROR(DATEDIF(J22,I22,"d"),"신규") -> 신규 | J22: 44753
D23: 1 | E23: 1 | F23: 연) 1층 공조실 | G23: =D23&"-"&E23 -> 1-1 | H23: =IFERROR(DATEDIF(J23,I23,"d"),"신규") -> 0
D24: 1 | E24: 2 | F24: 연) 1층 PS실 | G24: =D24&"-"&E24 -> 1-2 | H24: =IFERROR(DATEDIF(J24,I24,"d"),"신규") -> 0
D25: 1 | E25: 3 | F25: 사) 1층 PS실 | G25: =D25&"-"&E25 -> 1-3 | H25: =IFERROR(DATEDIF(J25,I25,"d"),"신규") -> 신규 | J25: 45518
D26: -1 | E26: 1 | F26: 지) B1층 공조실 | G26: =D26&"-"&E26 -> -1-1 | H26: =IFERROR(DATEDIF(J26,I26,"d"),"신규") -> 0
D27: -1 | E27: 2 | F27: 지) B1층 식당 뒤 | G27: =D27&"-"&E27 -> -1-2 | H27: =IFERROR(DATEDIF(J27,I27,"d"),"신규") -> 0
D28: -1 | E28: 3 | F28: 지) B1층 화장실 | G28: =D28&"-"&E28 -> -1-3 | H28: =IFERROR(DATEDIF(J28,I28,"d"),"신규") -> 신규 | J28: 44755
D29: -2 | E29: 1 | F29: 지) B2층 공조실 | G29: =D29&"-"&E29 -> -2-1 | H29: =IFERROR(DATEDIF(J29,I29,"d"),"신규") -> 0
D30: -2 | E30: 2 | F30: 지) B2층 CPX실 | G30: =D30&"-"&E30 -> -2-2 | H30: =IFERROR(DATEDIF(J30,I30,"d"),"신규") -> 0
D31: -2 | E31: 3 | F31: 지) B2층 PS실 | G31: =D31&"-"&E31 -> -2-3 | H31: =IFERROR(DATEDIF(J31,I31,"d"),"신규") -> 신규 | J31: 45573
D32: -3 | E32: 2 | F32: 지) B3층 휀룸 | G32: =D32&"-"&E32 -> -3-2 | H32: =IFERROR(DATEDIF(J32,I32,"d"),"신규") -> 0
D33: -3 | E33: 3 | F33: 지) B3층 기사대기실 | G33: =D33&"-"&E33 -> -3-3 | H33: =IFERROR(DATEDIF(J33,I33,"d"),"신규") -> 0
D34: -4 | E34: 2 | F34: 지) B4층 휀룸 | G34: =D34&"-"&E34 -> -4-2 | H34: =IFERROR(DATEDIF(J34,I34,"d"),"신규") -> 0
D35: -4 | E35: 1 | F35: 지) B4층 기계실 | G35: =D35&"-"&E35 -> -4-1 | H35: =IFERROR(DATEDIF(J35,I35,"d"),"신규") -> 신규 | J35: 44775
D36: -4 | E36: 3 | F36: 지) B4층 창고 | G36: =D36&"-"&E36 -> -4-3 | H36: =IFERROR(DATEDIF(J36,I36,"d"),"신규") -> 0
D37: -5 | E37: 2 | F37: 지) B5층 1번휀룸 | G37: =D37&"-"&E37 -> -5-2 | H37: =IFERROR(DATEDIF(J37,I37,"d"),"신규") -> 0
D38: -5 | E38: 3 | F38: 지) B5층 2번휀룸 | G38: =D38&"-"&E38 -> -5-3 | H38: =IFERROR(DATEDIF(J38,I38,"d"),"신규") -> 0
D39: 0 | E39: 0 | F39: 0 | G39: =D39&"-"&E39 -> 0-0 | H39: 0 | I39: 0 | J39: 0 | K39: 0 | L39: 0 | M39: 0 | N39: 0 | O39: 0 | P39: 0 | Q39: 0 | R39: 0 | S39: 0 | T39: 0 | U39: 0

Sheet 참고.컴프레셔 교체 이력
B1: 동 | C1: 층 | D1: 위치 | E1: 번호 | F1: 위치 상세 | G1: 교체 일자 | H1: 비고
B2: 사 | C2: 9 | D2: 3 | E2: 9-3 | F2: 사) 8층 계단 위
B3: 연 | C3: 8 | D3: 1 | E3: 8-1 | F3: 연) 8층 공조실 | G3: 45860 | H3: 연구동 6층 PS실꺼 에어호스 교체
B4: 연 | C4: 8 | D4: 2 | E4: 8-2 | F4: 연) 8층 PS실
B5: 사 | C5: 8 | D5: 3 | E5: 8-3 | F5: 사) 8층 PS실
B6: 연 | C6: 7 | D6: 1 | E6: 7-1 | F6: 연) 7층 공조실
B7: 연 | C7: 7 | D7: 2 | E7: 7-2 | F7: 연) 7층 PS실
B8: 사 | C8: 7 | D8: 3 | E8: 7-3 | F8: 사) 7층 PS실
B9: 연 | C9: 6 | D9: 1 | E9: 6-1 | F9: 연) 6층 공조실
B10: 연 | C10: 6 | D10: 2 | E10: 6-2 | F10: 연) 6층 PS실 | G10: 45489 | H10: 연구동 8층 공조실꺼 에어호스 교체
B11: 사 | C11: 6 | D11: 3 | E11: 6-3 | F11: 사) 6층 PS실 | G11: 45245 | H11: 연구동 8층 공조실꺼
B12: 연 | C12: 5 | D12: 1 | E12: 5-1 | F12: 연) 5층 공조실
B13: 연 | C13: 5 | D13: 2 | E13: 5-2 | F13: 연) 5층 PS실
B14: 사 | C14: 5 | D14: 3 | E14: 5-3 | F14: 사) 5층 PS실
B15: 연 | C15: 3 | D15: 1 | E15: 3-1 | F15: 연) 3층 공조실
B16: 연 | C16: 3 | D16: 2 | E16: 3-2 | F16: 연) 3층 PS실
B17: 사 | C17: 3 | D17: 3 | E17: 3-3 | F17: 사) 3층 PS실
B18: 연 | C18: 2 | D18: 2 | E18: 2-2 | F18: 연) 2층 PS실
B19: 사 | C19: 2 | D19: 3 | E19: 2-3 | F19: 사) 2층 PS실
B20: 연 | C20: 1 | D20: 1 | E20: 1-1 | F20: 연) 1층 공조실
B21: 연 | C21: 1 | D21: 2 | E21: 1-2 | F21: 연) 1층 PS실
B22: 사 | C22: 1 | D22: 3 | E22: 1-3 | F22: 사) 1층 PS실
B23: 지 | C23: -1 | D23: 1 | E23: -1-1 | F23: 지) B1층 공조실 | G23: 45483 | H23: 연구동 6층 PS실꺼 2020-06-18 교체
B24: 지 | C24: -1 | D24: 2 | E24: -1-2 | F24: 지) B1층 식당 뒤 | G24: 45536 | H24: B1층 공조실꺼
B25: 지 | C25: -1 | D25: 3 | E25: -1-3 | F25: 지) B1층 화장실
B26: 지 | C26: -2 | D26: 1 | E26: -2-1 | F26: 지) B2층 공조실 | G26: 45547 | H26: 원래 B2층 공조실꺼
B27: 지 | C27: -2 | D27: 2 | E27: -2-2 | F27: 지) B2층 CPX실 | G27: 42736 | H27: 2차 게이지 교체 (25/04/15)
B28: 지 | C28: -2 | D28: 3 | E28: -2-3 | F28: 지) B2층 PS실 | G28: 43804
B29: 지 | C29: -3 | D29: 2 | E29: -3-2 | F29: 지) B3층 휀룸
B30: 지 | C30: -3 | D30: 3 | E30: -3-3 | F30: 지) B3층 기사대기실
B31: 지 | C31: -4 | D31: 2 | E31: -4-2 | F31: 지) B4층 휀룸
B32: 지 | C32: -4 | D32: 1 | E32: -4-1 | F32: 지) B4층 기계실
B33: 지 | C33: -4 | D33: 3 | E33: -4-3 | F33: 지) B4층 창고
B34: 지 | C34: -5 | D34: 2 | E34: -5-2 | F34: 지) B5층 1번휀룸
B35: 지 | C35: -5 | D35: 3 | E35: -5-3 | F35: 지) B5층 2번휀룸

Sheet (12월말) 월간 DIV Total 세로 Trend 생성
A1: =AJ1&"년" -> 2023년 | B1: DIV #1 연구동 서 편 / 주차장 기계실 | K1: DIV #2 연구동 동 편 / 주차장 팬룸 1 | T1: DIV #3 사무동 서 편 / 주차장 팬룸 2 | AI1: 년 | AJ1: 2023 | AK1: 1. 연도 선택 후, 마우스 우클릭, 새로고침하여 좌측 트랜드 업데이트. | AT1: 3. 매년 12월이 끝나기 전, 트렌드 영역 선택 후 복사.
B2: 1차압 | E2: 2차압 | H2: 챔버압 | K2: 1차압 | N2: 2차압 | Q2: 챔버압 | T2: 1차압 | W2: 2차압 | Z2: 챔버압 | AK2: 2. 밑에 회색 영역은 신경쓰지 말 것. | AT2: 4. 해당 년도 시트 생성 > 첫번째 셀에서 마우스 우클릭 >선택하여 붙여넣기 > 기타 붙여넣기 옵션 > 그림
A3: 8-1층 | AK3: 위치 | AL3: 값
AK4: 1 | AM4: 2 | AO4: 3
AI5: 층 | AJ5: 월 | AK5: 1차압 | AL5: 2차압 | AM5: 1차압 | AN5: 2차압 | AO5: 1차압 | AP5: 2차압
AI6: 9 | AJ6: 1 | AO6: 4.8 | AP6: 3.2
AJ7: 2 | AO7: 5 | AP7: 3
A8: 8층 | AJ8: 3 | AO8: 4.8 | AP8: 3.1
AJ9: 4 | AO9: 4.8 | AP9: 3.1
AJ10: 5 | AO10: 4.8 | AP10: 3.1
AJ11: 6 | AO11: 4.8 | AP11: 3
AJ12: 7 | AO12: 4.9 | AP12: 3
A13: 7층 | AJ13: 8 | AO13: 4.9 | AP13: 3
AJ14: 9 | AO14: 4.9 | AP14: 3
AJ15: 10 | AO15: 4.9 | AP15: 3
AJ16: 11 | AO16: 4.9 | AP16: 3.1
AJ17: 12 | AO17: 4.8 | AP17: 3.1
A18: 6층 | AI18: 8 | AJ18: 1 | AK18: 5 | AL18: 3 | AM18: 5 | AN18: 3 | AO18: 5 | AP18: 4
AJ19: 2 | AK19: 5 | AL19: 3 | AM19: 5 | AN19: 3 | AO19: 5 | AP19: 4
AJ20: 3 | AK20: 5 | AL20: 3 | AM20: 5 | AN20: 3 | AO20: 5 | AP20: 4
AJ21: 4 | AK21: 5 | AL21: 3 | AM21: 5 | AN21: 3 | AO21: 5 | AP21: 4
AJ22: 5 | AK22: 5 | AL22: 3 | AM22: 5 | AN22: 3 | AO22: 5 | AP22: 4
A23: 5층 | AJ23: 6 | AK23: 5 | AL23: 3 | AM23: 5 | AN23: 3 | AO23: 5 | AP23: 4
AJ24: 7 | AK24: 5 | AL24: 3 | AM24: 5 | AN24: 3 | AO24: 5 | AP24: 4
AJ25: 8 | AK25: 5 | AL25: 3 | AM25: 5 | AN25: 3 | AO25: 5 | AP25: 4
AJ26: 9 | AK26: 5 | AL26: 3 | AM26: 5 | AN26: 3 | AO26: 5 | AP26: 4
AJ27: 10 | AK27: 5 | AL27: 3 | AM27: 5 | AN27: 3 | AO27: 5 | AP27: 4
A28: 3층 | AJ28: 11 | AK28: 5 | AL28: 3 | AM28: 5 | AN28: 3 | AO28: 5 | AP28: 4
AJ29: 12 | AK29: 5 | AL29: 3 | AM29: 5 | AN29: 3 | AO29: 5 | AP29: 4
AI30: 7 | AJ30: 1 | AK30: 5.1 | AL30: 2.8 | AM30: 5 | AN30: 3.2 | AO30: 5.5 | AP30: 3.5
AJ31: 2 | AK31: 5 | AL31: 2.8 | AM31: 5 | AN31: 3 | AO31: 5.2 | AP31: 3.4
AJ32: 3 | AK32: 5.2 | AL32: 2.8 | AM32: 5.2 | AN32: 3.2 | AO32: 5.3 | AP32: 3.3
A33: 2층 | AJ33: 4 | AK33: 5 | AL33: 2.8 | AM33: 5.1 | AN33: 3.1 | AO33: 5.5 | AP33: 3.4
AJ34: 5 | AK34: 5 | AL34: 2.7 | AM34: 5 | AN34: 3 | AO34: 5.5 | AP34: 3.4
AJ35: 6 | AK35: 5.2 | AL35: 2.7 | AM35: 5.1 | AN35: 3.1 | AO35: 5.5 | AP35: 3.3
AJ36: 7 | AK36: 5.2 | AL36: 2.7 | AM36: 5 | AN36: 3.2 | AO36: 5.5 | AP36: 3.3
AJ37: 8 | AK37: 5.1 | AL37: 2.8 | AM37: 5.1 | AN37: 3.1 | AO37: 5.5 | AP37: 3.3
A38: 1층 | AJ38: 9 | AK38: 5.1 | AL38: 2.8 | AM38: 5.2 | AN38: 3.1 | AO38: 5.5 | AP38: 3.4
AJ39: 10 | AK39: 5.1 | AL39: 2.9 | AM39: 5.1 | AN39: 3.1 | AO39: 5.5 | AP39: 3.3
AJ40: 11 | AK40: 5.1 | AL40: 2.9 | AM40: 5 | AN40: 3.1 | AO40: 5.4 | AP40: 3.3
AJ41: 12 | AK41: 5 | AL41: 2.8 | AM41: 5 | AN41: 3.2 | AO41: 5.3 | AP41: 3.4
AI42: 6 | AJ42: 1 | AK42: 6 | AL42: 3.3 | AM42: 6 | AN42: 2.5 | AO42: 6 | AP42: 3
A43: B1층 | AJ43: 2 | AK43: 6 | AL43: 3.4 | AM43: 6 | AN43: 2.5 | AO43: 6 | AP43: 3
AJ44: 3 | AK44: 6 | AL44: 3.4 | AM44: 6 | AN44: 2.5 | AO44: 6 | AP44: 2.8
AJ45: 4 | AK45: 6 | AL45: 3.4 | AM45: 6 | AN45: 2.5 | AO45: 6.2 | AP45: 2.8
AJ46: 5 | AK46: 6 | AL46: 3.4 | AM46: 6 | AN46: 2.5 | AO46: 6.2 | AP46: 2.8
AJ47: 6 | AK47: 6.1 | AL47: 3.3 | AM47: 6 | AN47: 2.5 | AO47: 6.2 | AP47: 2.8
A48: B2층 | AJ48: 7 | AK48: 6.1 | AL48: 3.4 | AM48: 6 | AN48: 2.4 | AO48: 6.1 | AP48: 2.8
AJ49: 8 | AK49: 6.1 | AL49: 3.3 | AM49: 6 | AN49: 2.4 | AO49: 6.2 | AP49: 2.8
AJ50: 9 | AK50: 6.1 | AL50: 3.3 | AM50: 6 | AN50: 3.1 | AO50: 6.1 | AP50: 2.7
AJ51: 10 | AK51: 6.1 | AL51: 3.3 | AM51: 6 | AN51: 3.4 | AO51: 6.1 | AP51: 3.1
AJ52: 11 | AK52: 6.1 | AL52: 3.3 | AM52: 6 | AN52: 3.1 | AO52: 6 | AP52: 3.2
A53: B3층 | AJ53: 12 | AK53: 6 | AL53: 3.3 | AM53: 6 | AN53: 3.4 | AO53: 6 | AP53: 3.2
AI54: 5 | AJ54: 1 | AK54: 6.7 | AL54: 3.5 | AM54: 6.5 | AN54: 2.8 | AO54: 6.3 | AP54: 3.8
AJ55: 2 | AK55: 6.8 | AL55: 3.5 | AM55: 6.8 | AN55: 2.8 | AO55: 6.3 | AP55: 4
AJ56: 3 | AK56: 6.8 | AL56: 3.5 | AM56: 6.7 | AN56: 2.8 | AO56: 6 | AP56: 4
AJ57: 4 | AK57: 6.8 | AL57: 3.6 | AM57: 6.6 | AN57: 2.8 | AO57: 6.5 | AP57: 4
A58: B4층 | AJ58: 5 | AK58: 7 | AL58: 3.5 | AM58: 6.8 | AN58: 2.8 | AO58: 6.4 | AP58: 3.9
AJ59: 6 | AK59: 6.8 | AL59: 3.5 | AM59: 6.8 | AN59: 2.7 | AO59: 6.5 | AP59: 3.8
AJ60: 7 | AK60: 6.8 | AL60: 3.4 | AM60: 6.7 | AN60: 2.8 | AO60: 6.2 | AP60: 3.8
AJ61: 8 | AK61: 6.9 | AL61: 3.4 | AM61: 6.7 | AN61: 2.7 | AO61: 6.2 | AP61: 3.7
AJ62: 9 | AK62: 6.9 | AL62: 3.3 | AM62: 6.8 | AN62: 2.7 | AO62: 6.5 | AP62: 3.6
A63: B5층 | AJ63: 10 | AK63: 6.9 | AL63: 3.4 | AM63: 6.7 | AN63: 3.4 | AO63: 6.3 | AP63: 3.7
AJ64: 11 | AK64: 6.8 | AL64: 3.5 | AM64: 6.6 | AN64: 3.4 | AO64: 6.1 | AP64: 3.8
AJ65: 12 | AK65: 6.7 | AL65: 3.5 | AM65: 6.5 | AN65: 3.4 | AO65: 6.1 | AP65: 3.8
AI66: 3 | AJ66: 1 | AK66: 7 | AL66: 3.9 | AM66: 7 | AN66: 3.2 | AO66: 6.5 | AP66: 3.3
AJ67: 2 | AK67: 7 | AL67: 3.8 | AM67: 6.8 | AN67: 3.2 | AO67: 6.5 | AP67: 3.3
AJ68: 3 | AK68: 7 | AL68: 4 | AM68: 7 | AN68: 3.2 | AO68: 6.8 | AP68: 3.3
AJ69: 4 | AK69: 7 | AL69: 3.9 | AM69: 7 | AN69: 3.1 | AO69: 6.8 | AP69: 3.3
AJ70: 5 | AK70: 7 | AL70: 3.8 | AM70: 7 | AN70: 3 | AO70: 6.8 | AP70: 3.3
AJ71: 6 | AK71: 7 | AL71: 3.8 | AM71: 7 | AN71: 3.2 | AO71: 7 | AP71: 3.3
AJ72: 7 | AK72: 7 | AL72: 3.8 | AM72: 7 | AN72: 3.2 | AO72: 7 | AP72: 3.3
AJ73: 8 | AK73: 7 | AL73: 3.9 | AM73: 7 | AN73: 3.3 | AO73: 6.9 | AP73: 3.2
AJ74: 9 | AK74: 7 | AL74: 3.9 | AM74: 7 | AN74: 3.2 | AO74: 6.9 | AP74: 3.2
AJ75: 10 | AK75: 7 | AL75: 3.9 | AM75: 7 | AN75: 3.2 | AO75: 6.9 | AP75: 3.2
AJ76: 11 | AK76: 7 | AL76: 3.9 | AM76: 7 | AN76: 3.2 | AO76: 6.9 | AP76: 3.3
AJ77: 12 | AK77: 6.8 | AL77: 3.8 | AM77: 7 | AN77: 3.8 | AO77: 6.8 | AP77: 3.3
AI78: 2 | AJ78: 1 | AM78: 7.5 | AN78: 3.5 | AO78: 7 | AP78: 3.2
AJ79: 2 | AM79: 7.5 | AN79: 3.5 | AO79: 7 | AP79: 3.2
AJ80: 3 | AM80: 7.5 | AN80: 3.4 | AO80: 7 | AP80: 3.2
AJ81: 4 | AM81: 7.7 | AN81: 3.5 | AO81: 7 | AP81: 3.3
AJ82: 5 | AM82: 7.3 | AN82: 3.7 | AO82: 7 | AP82: 3.2
AJ83: 6 | AM83: 7.5 | AN83: 3.7 | AO83: 7 | AP83: 3.2
AJ84: 7 | AM84: 7.7 | AN84: 3.4 | AO84: 7.2 | AP84: 3.1
AJ85: 8 | AM85: 7.6 | AN85: 3.5 | AO85: 7.2 | AP85: 3.1
AJ86: 9 | AM86: 7.7 | AN86: 3.5 | AO86: 7.1 | AP86: 3.1
AJ87: 10 | AM87: 7.7 | AN87: 3.5 | AO87: 7.1 | AP87: 3.1
AJ88: 11 | AM88: 7.7 | AN88: 3.5 | AO88: 7.1 | AP88: 3.1
AJ89: 12 | AM89: 7.5 | AN89: 3.4 | AO89: 7 | AP89: 3.1
AI90: 1 | AJ90: 1 | AK90: 8.5 | AL90: 3 | AM90: 8 | AN90: 3.3 | AO90: 7.5 | AP90: 3.2
AJ91: 2 | AK91: 8.5 | AL91: 3 | AM91: 8 | AN91: 3.4 | AO91: 7.5 | AP91: 3.2
AJ92: 3 | AK92: 8.5 | AL92: 3 | AM92: 8 | AN92: 3.3 | AO92: 7 | AP92: 3.2
AJ93: 4 | AK93: 8.5 | AL93: 3 | AM93: 8 | AN93: 3.3 | AO93: 7.7 | AP93: 3.3
AJ94: 5 | AK94: 8.3 | AL94: 3 | AM94: 8 | AN94: 3.5 | AO94: 7.5 | AP94: 3.3
AJ95: 6 | AK95: 8.5 | AL95: 2.9 | AM95: 8 | AN95: 3.2 | AO95: 7.5 | AP95: 3.2
AJ96: 7 | AK96: 8.5 | AL96: 2.8 | AM96: 8 | AN96: 3.3 | AO96: 7.7 | AP96: 3.1
AJ97: 8 | AK97: 8.5 | AL97: 2.6 | AM97: 8 | AN97: 3.2 | AO97: 7.7 | AP97: 3.2
AJ98: 9 | AK98: 8.5 | AL98: 2.6 | AM98: 8 | AN98: 3.2 | AO98: 7.6 | AP98: 3.1
AJ99: 10 | AK99: 8.5 | AL99: 3 | AM99: 8 | AN99: 3.2 | AO99: 7.7 | AP99: 3.5
AJ100: 11 | AK100: 8.4 | AL100: 3 | AM100: 8 | AN100: 3.2 | AO100: 7.6 | AP100: 3.4
...

Sheet 1월
A1: 46045
A2: 1 | B2: 2026
A3: 년 | B3: 월 | C3: 층 | D3: 위치 | E3: 번호 | F3: 1차 | G3: 2차 | H3: 챔버
A4: 2026 | B4: 1 | C4: 9 | D4: 3 | E4: 9-3 | F4: 4.9 | G4: 3.2 | H4: 4.7
A5: 2026 | B5: 1 | C5: 8 | D5: 1 | E5: 8-1 | F5: 4.6 | G5: 3.2 | H5: 5
A6: 2026 | B6: 1 | C6: 8 | D6: 2 | E6: 8-2 | F6: 5 | G6: 3 | H6: 5
A7: 2026 | B7: 1 | C7: 8 | D7: 3 | E7: 8-3 | F7: 5 | G7: 3.8 | H7: 5
A8: 2026 | B8: 1 | C8: 7 | D8: 1 | E8: 7-1 | F8: 5.1 | G8: 3.2 | H8: 5.3
A9: 2026 | B9: 1 | C9: 7 | D9: 2 | E9: 7-2 | F9: 5 | G9: 3.3 | H9: 5.5
A10: 2026 | B10: 1 | C10: 7 | D10: 3 | E10: 7-3 | F10: 5.4 | G10: 3.3 | H10: 5
A11: 2026 | B11: 1 | C11: 6 | D11: 1 | E11: 6-1 | F11: 6 | G11: 3.3 | H11: 6.4
A12: 2026 | B12: 1 | C12: 6 | D12: 2 | E12: 6-2 | F12: 6 | G12: 3.2 | H12: 6
A13: 2026 | B13: 1 | C13: 6 | D13: 3 | E13: 6-3 | F13: 6 | G13: 3.2 | H13: 6
A14: 2026 | B14: 1 | C14: 5 | D14: 1 | E14: 5-1 | F14: 6.8 | G14: 3.5 | H14: 6.8
A15: 2026 | B15: 1 | C15: 5 | D15: 2 | E15: 5-2 | F15: 6.5 | G15: 3.3 | H15: 6.7
... A37: 2026 | B37: 1 | C37: -5 | D37: 3 | E37: -5-3 | F37: 10 | G37: 3 | H37: 10

Sheet 2월
A1: 46073
A2: 2 | B2: 2026
A3: 년 | B3: 월 | C3: 층 | D3: 위치 | E3: 번호 | F3: 1차 | G3: 2차 | H3: 챔버
A4: 2026 | B4: 2 | C4: 9 | D4: 3 | E4: 9-3 | F4: 5 | G4: 3.2 | H4: 5
A5: 2026 | B5: 2 | C5: 8 | D5: 1 | E5: 8-1 | F5: 4.8 | G5: 3.2 | H5: 5
A6: 2026 | B6: 2 | C6: 8 | D6: 2 | E6: 8-2 | F6: 5 | G6: 3 | H6: 5
A7: 2026 | B7: 2 | C7: 8 | D7: 3 | E7: 8-3 | F7: 5 | G7: 3.8 | H7: 5
A8: 2026 | B8: 2 | C8: 7 | D8: 1 | E8: 7-1 | F8: 5.1 | G8: 3.2 | H8: 5.3
A9: 2026 | B9: 2 | C9: 7 | D9: 2 | E9: 7-2 | F9: 5 | G9: 3.3 | H9: 5.8
A10: 2026 | B10: 2 | C10: 7 | D10: 3 | E10: 7-3 | F10: 5.5 | G10: 3.4 | H10: 5
A11: 2026 | B11: 2 | C11: 6 | D11: 1 | E11: 6-1 | F11: 6 | G11: 3.4 | H11: 6.3
A12: 2026 | B12: 2 | C12: 6 | D12: 2 | E12: 6-2 | F12: 6 | G12: 3.3 | H12: 6
A13: 2026 | B13: 2 | C13: 6 | D13: 3 | E13: 6-3 | F13: 6 | G13: 3.2 | H13: 6
A14: 2026 | B14: 2 | C14: 5 | D14: 1 | E14: 5-1 | F14: 6.8 | G14: 3.5 | H14: 6.8
A15: 2026 | B15: 2 | C15: 5 | D15: 2 | E15: 5-2 | F15: 6.6 | G15: 3.3 | H15: 6.7
... A37: 2026 | B37: 2 | C37: -5 | D37: 3 | E37: -5-3 | F37: 10 | G37: 3 | H37: 10.1

Sheet 3월
A1: 45737
A2: 3 | B2: 2025
A3: 년 | B3: 월 | C3: 층 | D3: 위치 | E3: 번호 | F3: 1차 | G3: 2차 | H3: 챔버
A4: 2025 | B4: 3 | C4: 9 | D4: 3 | E4: 9-3 | F4: 5 | G4: 3.2 | H4: 4.9
A5: 2025 | B5: 3 | C5: 8 | D5: 1 | E5: 8-1 | F5: 4.8 | G5: 3.1 | H5: 5
A6: 2025 | B6: 3 | C6: 8 | D6: 2 | E6: 8-2 | F6: 5 | G6: 3 | H6: 5
A7: 2025 | B7: 3 | C7: 8 | D7: 3 | E7: 8-3 | F7: 5 | G7: 3.8 | H7: 5
A8: 2025 | B8: 3 | C8: 7 | D8: 1 | E8: 7-1 | F8: 5.2 | G8: 3.3 | H8: 5.4
A9: 2025 | B9: 3 | C9: 7 | D9: 2 | E9: 7-2 | F9: 5 | G9: 3.3 | H9: 5.8
A10: 2025 | B10: 3 | C10: 7 | D10: 3 | E10: 7-3 | F10: 5.6 | G10: 3.5 | H10: 5
A11: 2025 | B11: 3 | C11: 6 | D11: 1 | E11: 6-1 | F11: 6.1 | G11: 3.4 | H11: 6.5
A12: 2025 | B12: 3 | C12: 6 | D12: 2 | E12: 6-2 | F12: 6 | G12: 3.4 | H12: 6
A13: 2025 | B13: 3 | C13: 6 | D13: 3 | E13: 6-3 | F13: 6.1 | G13: 3.3 | H13: 6
A14: 2025 | B14: 3 | C14: 5 | D14: 1 | E14: 5-1 | F14: 7 | G14: 3.5 | H14: 6.8
A15: 2025 | B15: 3 | C15: 5 | D15: 2 | E15: 5-2 | F15: 6.6 | G15: 3.4 | H15: 6.9
... A37: 2025 | B37: 3 | C37: -5 | D37: 3 | E37: -5-3 | F37: 10.1 | G37: 2 | H37: 10.1

Sheet 4월
A1: 45765
A2: 4 | B2: 2025
A3: 년 | B3: 월 | C3: 층 | D3: 위치 | E3: 번호 | F3: 1차 | G3: 2차 | H3: 챔버
A4: 2025 | B4: 4 | C4: 9 | D4: 3 | E4: 9-3 | F4: 5 | G4: 3.2 | H4: 4.9
A5: 2025 | B5: 4 | C5: 8 | D5: 1 | E5: 8-1 | F5: 4.8 | G5: 3.1 | H5: 5
A6: 2025 | B6: 4 | C6: 8 | D6: 2 | E6: 8-2 | F6: 5 | G6: 3 | H6: 5
A7: 2025 | B7: 4 | C7: 8 | D7: 3 | E7: 8-3 | F7: 5 | G7: 3.8 | H7: 5
A8: 2025 | B8: 4 | C8: 7 | D8: 1 | E8: 7-1 | F8: 5.1 | G8: 3.2 | H8: 5.4
A9: 2025 | B9: 4 | C9: 7 | D9: 2 | E9: 7-2 | F9: 5 | G9: 3.3 | H9: 5.8
A10: 2025 | B10: 4 | C10: 7 | D10: 3 | E10: 7-3 | F10: 5.7 | G10: 3.5 | H10: 5
A11: 2025 | B11: 4 | C11: 6 | D11: 1 | E11: 6-1 | F11: 6.1 | G11: 3.4 | H11: 6.7
A12: 2025 | B12: 4 | C12: 6 | D12: 2 | E12: 6-2 | F12: 6 | G12: 3.4 | H12: 6
A13: 2025 | B13: 4 | C13: 6 | D13: 3 | E13: 6-3 | F13: 6.1 | G13: 3.3 | H13: 6
A14: 2025 | B14: 4 | C14: 5 | D14: 1 | E14: 5-1 | F14: 7 | G14: 3.5 | H14: 6.9
A15: 2025 | B15: 4 | C15: 5 | D15: 2 | E15: 5-2 | F15: 6.5 | G15: 3.4 | H15: 6.8
... A37: 2025 | B37: 4 | C37: -5 | D37: 3 | E37: -5-3 | F37: 10.2 | G37: 2.9 | H37: 10.2

Sheet 5월
A1: 45797
A2: 5 | B2: 2025
A3: 년 | B3: 월 | C3: 층 | D3: 위치 | E3: 번호 | F3: 1차 | G3: 2차 | H3: 챔버
A4: 2025 | B4: 5 | C4: 9 | D4: 3 | E4: 9-3 | F4: 5 | G4: 3.2 | H4: 5
A5: 2025 | B5: 5 | C5: 8 | D5: 1 | E5: 8-1 | F5: 4.8 | G5: 3 | H5: 5
A6: 2025 | B6: 5 | C6: 8 | D6: 2 | E6: 8-2 | F6: 5 | G6: 3 | H6: 5
A7: 2025 | B7: 5 | C7: 8 | D7: 3 | E7: 8-3 | F7: 5 | G7: 3.8 | H7: 5
A8: 2025 | B8: 5 | C8: 7 | D8: 1 | E8: 7-1 | F8: 5.3 | G8: 3.1 | H8: 5.5
A9: 2025 | B9: 5 | C9: 7 | D9: 2 | E9: 7-2 | F9: 5.1 | G9: 3.3 | H9: 5.8
A10: 2025 | B10: 5 | C10: 7 | D10: 3 | E10: 7-3 | F10: 5.6 | G10: 3.5 | H10: 5
A11: 2025 | B11: 5 | C11: 6 | D11: 1 | E11: 6-1 | F11: 6.2 | G11: 3.4 | H11: 6.5
A12: 2025 | B12: 5 | C12: 6 | D12: 2 | E12: 6-2 | F12: 6 | G12: 3.5 | H12: 6
A13: 2025 | B13: 5 | C13: 6 | D13: 3 | E13: 6-3 | F13: 6.1 | G13: 3.3 | H13: 6
A14: 2025 | B14: 5 | C14: 5 | D14: 1 | E14: 5-1 | F14: 7 | G14: 3.5 | H14: 6.9
A15: 2025 | B15: 5 | C15: 5 | D15: 2 | E15: 5-2 | F15: 6.8 | G15: 3.4 | H15: 6.9
... A37: 2025 | B37: 5 | C37: -5 | D37: 3 | E37: -5-3 | F37: 10.1 | G37: 3 | H37: 10.1

Sheet 6월
A1: 45832
A2: 6 | B2: 2025
A3: 년 | B3: 월 | C3: 층 | D3: 위치 | E3: 번호 | F3: 1차 | G3: 2차 | H3: 챔버
A4: 2025 | B4: 6 | C4: 9 | D4: 3 | E4: 9-3 | F4: 5 | G4: 3.1 | H4: 4.9
A5: 2025 | B5: 6 | C5: 8 | D5: 1 | E5: 8-1 | F5: 4.9 | G5: 3 | H5: 5
A6: 2025 | B6: 6 | C6: 8 | D6: 2 | E6: 8-2 | F6: 5 | G6: 3 | H6: 5
A7: 2025 | B7: 6 | C7: 8 | D7: 3 | E7: 8-3 | F7: 5 | G7: 3.8 | H7: 5
A8: 2025 | B8: 6 | C8: 7 | D8: 1 | E8: 7-1 | F8: 5.2 | G8: 3 | H8: 5.5
A9: 2025 | B9: 6 | C9: 7 | D9: 2 | E9: 7-2 | F9: 5.2 | G9: 3.3 | H9: 5.8
A10: 2025 | B10: 6 | C10: 7 | D10: 3 | E10: 7-3 | F10: 5.5 | G10: 3.4 | H10: 5
A11: 2025 | B11: 6 | C11: 6 | D11: 1 | E11: 6-1 | F11: 6.2 | G11: 3.3 | H11: 6.5
A12: 2025 | B12: 6 | C12: 6 | D12: 2 | E12: 6-2 | F12: 6 | G12: 3.2 | H12: 6
A13: 2025 | B13: 6 | C13: 6 | D13: 3 | E13: 6-3 | F13: 6.2 | G13: 3.2 | H13: 6
A14: 2025 | B14: 6 | C14: 5 | D14: 1 | E14: 5-1 | F14: 6.9 | G14: 3.5 | H14: 6.8
A15: 2025 | B15: 6 | C15: 5 | D15: 2 | E15: 5-2 | F15: 6.7 | G15: 3.4 | H15: 6.8
... A37: 2025 | B37: 6 | C37: -5 | D37: 3 | E37: -5-3 | F37: 10.2 | G37: 2.9 | H37: 10.3

Sheet 7월
A1: 45863
A2: 7 | B2: 2025
A3: 년 | B3: 월 | C3: 층 | D3: 위치 | E3: 번호 | F3: 1차 | G3: 2차 | H3: 챔버
A4: 2025 | B4: 7 | C4: 9 | D4: 3 | E4: 9-3 | F4: 5 | G4: 3 | H4: 4.9
A5: 2025 | B5: 7 | C5: 8 | D5: 1 | E5: 8-1 | F5: 4.9 | G5: 3.1 | H5: 5.1
A6: 2025 | B6: 7 | C6: 8 | D6: 2 | E6: 8-2 | F6: 5 | G6: 3 | H6: 5
A7: 2025 | B7: 7 | C7: 8 | D7: 3 | E7: 8-3 | F7: 5 | G7: 3.8 | H7: 5
A8: 2025 | B8: 7 | C8: 7 | D8: 1 | E8: 7-1 | F8: 5.1 | G8: 3 | H8: 5.4
A9: 2025 | B9: 7 | C9: 7 | D9: 2 | E9: 7-2 | F9: 5.1 | G9: 3.3 | H9: 5.9
A10: 2025 | B10: 7 | C10: 7 | D10: 3 | E10: 7-3 | F10: 5.8 | G10: 3.4 | H10: 5.1
A11: 2025 | B11: 7 | C11: 6 | D11: 1 | E11: 6-1 | F11: 6.2 | G11: 3.3 | H11: 6.5
A12: 2025 | B12: 7 | C12: 6 | D12: 2 | E12: 6-2 | F12: 6 | G12: 3.3 | H12: 6
A13: 2025 | B13: 7 | C13: 6 | D13: 3 | E13: 6-3 | F13: 6.2 | G13: 3.2 | H13: 6
A14: 2025 | B14: 7 | C14: 5 | D14: 1 | E14: 5-1 | F14: 7 | G14: 3.4 | H14: 6.9
A15: 2025 | B15: 7 | C15: 5 | D15: 2 | E15: 5-2 | F15: 6.8 | G15: 3.4 | H15: 7
... A37: 2025 | B37: 7 | C37: -5 | D37: 3 | E37: -5-3 | F37: 10.2 | G37: 2.7 | H37: 10.3

Sheet 8월
A1: 45891
A2: 8 | B2: 2025
A3: 년 | B3: 월 | C3: 층 | D3: 위치 | E3: 번호 | F3: 1차 | G3: 2차 | H3: 챔버
A4: 2025 | B4: 8 | C4: 9 | D4: 3 | E4: 9-3 | F4: 5 | G4: 3 | H4: 5
A5: 2025 | B5: 8 | C5: 8 | D5: 1 | E5: 8-1 | F5: 4.9 | G5: 3.5 | H5: 5
A6: 2025 | B6: 8 | C6: 8 | D6: 2 | E6: 8-2 | F6: 5 | G6: 3 | H6: 5
A7: 2025 | B7: 8 | C7: 8 | D7: 3 | E7: 8-3 | F7: 5 | G7: 3.8 | H7: 5
A8: 2025 | B8: 8 | C8: 7 | D8: 1 | E8: 7-1 | F8: 5.3 | G8: 3 | H8: 5.5
A9: 2025 | B9: 8 | C9: 7 | D9: 2 | E9: 7-2 | F9: 5.1 | G9: 3.3 | H9: 5.9
A10: 2025 | B10: 8 | C10: 7 | D10: 3 | E10: 7-3 | F10: 5.9 | G10: 3.3 | H10: 5.1
A11: 2025 | B11: 8 | C11: 6 | D11: 1 | E11: 6-1 | F11: 6.2 | G11: 3.3 | H11: 6.5
A12: 2025 | B12: 8 | C12: 6 | D12: 2 | E12: 6-2 | F12: 6 | G12: 3.4 | H12: 6
A13: 2025 | B13: 8 | C13: 6 | D13: 3 | E13: 6-3 | F13: 6.1 | G13: 3.1 | H13: 6
A14: 2025 | B14: 8 | C14: 5 | D14: 1 | E14: 5-1 | F14: 7 | G14: 3.3 | H14: 6.9
A15: 2025 | B15: 8 | C15: 5 | D15: 2 | E15: 5-2 | F15: 6.8 | G15: 3.3 | H15: 6.9
... A37: 2025 | B37: 8 | C37: -5 | D37: 3 | E37: -5-3 | F37: 10.1 | G37: 2.8 | H37: 10.3

Sheet 9월
A1: 45919
A2: 9 | B2: 2025
A3: 년 | B3: 월 | C3: 층 | D3: 위치 | E3: 번호 | F3: 1차 | G3: 2차 | H3: 챔버
A4: 2025 | B4: 9 | C4: 9 | D4: 3 | E4: 9-3 | F4: 5 | G4: 3 | H4: 4.9
A5: 2025 | B5: 9 | C5: 8 | D5: 1 | E5: 8-1 | F5: 4.8 | G5: 3.3 | H5: 5
A6: 2025 | B6: 9 | C6: 8 | D6: 2 | E6: 8-2 | F6: 5 | G6: 3 | H6: 5
A7: 2025 | B7: 9 | C7: 8 | D7: 3 | E7: 8-3 | F7: 5 | G7: 3.8 | H7: 5
A8: 2025 | B8: 9 | C8: 7 | D8: 1 | E8: 7-1 | F8: 5.2 | G8: 2.9 | H8: 5.5
A9: 2025 | B9: 9 | C9: 7 | D9: 2 | E9: 7-2 | F9: 5.2 | G9: 3.2 | H9: 5.7
A10: 2025 | B10: 9 | C10: 7 | D10: 3 | E10: 7-3 | F10: 5.7 | G10: 3.3 | H10: 5.1
A11: 2025 | B11: 9 | C11: 6 | D11: 1 | E11: 6-1 | F11: 6.2 | G11: 3.2 | H11: 6.5
A12: 2025 | B12: 9 | C12: 6 | D12: 2 | E12: 6-2 | F12: 6 | G12: 3.3 | H12: 6
A13: 2025 | B13: 9 | C13: 6 | D13: 3 | E13: 6-3 | F13: 6.1 | G13: 3.1 | H13: 6
A14: 2025 | B14: 9 | C14: 5 | D14: 1 | E14: 5-1 | F14: 6.9 | G14: 3.2 | H14: 6.8
A15: 2025 | B15: 9 | C15: 5 | D15: 2 | E15: 5-2 | F15: 6.7 | G15: 3.2 | H15: 6.8
... A37: 2025 | B37: 9 | C37: -5 | D37: 3 | E37: -5-3 | F37: 10.2 | G37: 2.7 | H37: 10.2

Sheet 10월
A1: 45958
A2: 10 | B2: 2025
A3: 년 | B3: 월 | C3: 층 | D3: 위치 | E3: 번호 | F3: 1차 | G3: 2차 | H3: 챔버
A4: 2025 | B4: 10 | C4: 9 | D4: 3 | E4: 9-3 | F4: 4.9 | G4: 3 | H4: 4.7
A5: 2025 | B5: 10 | C5: 8 | D5: 1 | E5: 8-1 | F5: 4.8 | G5: 3.2 | H5: 5
A6: 2025 | B6: 10 | C6: 8 | D6: 2 | E6: 8-2 | F6: 5 | G6: 3 | H6: 5
A7: 2025 | B7: 10 | C7: 8 | D7: 3 | E7: 8-3 | F7: 5 | G7: 3.8 | H7: 5
A8: 2025 | B8: 10 | C8: 7 | D8: 1 | E8: 7-1 | F8: 5.1 | G8: 2.9 | H8: 5.4
A9: 2025 | B9: 10 | C9: 7 | D9: 2 | E9: 7-2 | F9: 5 | G9: 3.2 | H9: 5.8
A10: 2025 | B10: 10 | C10: 7 | D10: 3 | E10: 7-3 | F10: 5.5 | G10: 3.3 | H10: 5
A11: 2025 | B11: 10 | C11: 6 | D11: 1 | E11: 6-1 | F11: 6.2 | G11: 3.3 | H11: 6.5
A12: 2025 | B12: 10 | C12: 6 | D12: 2 | E12: 6-2 | F12: 6 | G12: 3.3 | H12: 6
A13: 2025 | B13: 10 | C13: 6 | D13: 3 | E13: 6-3 | F13: 6.2 | G13: 3.1 | H13: 6
A14: 2025 | B14: 10 | C14: 5 | D14: 1 | E14: 5-1 | F14: 6.9 | G14: 3.3 | H14: 6.8
A15: 2025 | B15: 10 | C15: 5 | D15: 2 | E15: 5-2 | F15: 6.7 | G15: 3.2 | H15: 6.8
... A37: 2025 | B37: 10 | C37: -5 | D37: 3 | E37: -5-3 | F37: 10.2 | G37: 2.8 | H37: 10.2

Sheet 11월
A1: 45980
A2: 11 | B2: 2025
A3: 년 | B3: 월 | C3: 층 | D3: 위치 | E3: 번호 | F3: 1차 | G3: 2차 | H3: 챔버
A4: 2025 | B4: 11 | C4: 9 | D4: 3 | E4: 9-3 | F4: 5 | G4: 3.1 | H4: 4.9
A5: 2025 | B5: 11 | C5: 8 | D5: 1 | E5: 8-1 | F5: 5 | G5: 3.1 | H5: 5
A6: 2025 | B6: 11 | C6: 8 | D6: 2 | E6: 8-2 | F6: 5 | G6: 3 | H6: 5
A7: 2025 | B7: 11 | C7: 8 | D7: 3 | E7: 8-3 | F7: 5 | G7: 3.8 | H7: 5
A8: 2025 | B8: 11 | C8: 7 | D8: 1 | E8: 7-1 | F8: 5.1 | G8: 3.2 | H8: 5.5
A9: 2025 | B9: 11 | C9: 7 | D9: 2 | E9: 7-2 | F9: 5.1 | G9: 3.2 | H9: 5.8
A10: 2025 | B10: 11 | C10: 7 | D10: 3 | E10: 7-3 | F10: 5.8 | G10: 3.4 | H10: 5.1
A11: 2025 | B11: 11 | C11: 6 | D11: 1 | E11: 6-1 | F11: 6.1 | G11: 3.3 | H11: 6.5
A12: 2025 | B12: 11 | C12: 6 | D12: 2 | E12: 6-2 | F12: 6 | G12: 3.3 | H12: 6
A13: 2025 | B13: 11 | C13: 6 | D13: 3 | E13: 6-3 | F13: 6.2 | G13: 3.1 | H13: 6
A14: 2025 | B14: 11 | C14: 5 | D14: 1 | E14: 5-1 | F14: 6.8 | G14: 3.4 | H14: 6.8
A15: 2025 | B15: 11 | C15: 5 | D15: 2 | E15: 5-2 | F15: 6.7 | G15: 3.2 | H15: 6.9
... A37: 2025 | B37: 11 | C37: -5 | D37: 3 | E37: -5-3 | F37: 10.1 | G37: 2.8 | H37: 10.1

Sheet 12월
A1: 46010
A2: 12 | B2: 2025
A3: 년 | B3: 월 | C3: 층 | D3: 위치 | E3: 번호 | F3: 1차 | G3: 2차 | H3: 챔버
A4: 2025 | B4: 12 | C4: 9 | D4: 3 | E4: 9-3 | F4: 5 | G4: 3.1 | H4: 4.9
A5: 2025 | B5: 12 | C5: 8 | D5: 1 | E5: 8-1 | F5: 5 | G5: 3.1 | H5: 5
A6: 2025 | B6: 12 | C6: 8 | D6: 2 | E6: 8-2 | F6: 5 | G6: 3 | H6: 5
A7: 2025 | B7: 12 | C7: 8 | D7: 3 | E7: 8-3 | F7: 5 | G7: 3.8 | H7: 5
A8: 2025 | B8: 12 | C8: 7 | D8: 1 | E8: 7-1 | F8: 5.2 | G8: 3.3 | H8: 5.4
A9: 2025 | B9: 12 | C9: 7 | D9: 2 | E9: 7-2 | F9: 5.1 | G9: 3.3 | H9: 5.8
A10: 2025 | B10: 12 | C10: 7 | D10: 3 | E10: 7-3 | F10: 5.6 | G10: 3.4 | H10: 5
A11: 2025 | B11: 12 | C11: 6 | D11: 1 | E11: 6-1 | F11: 6.1 | G11: 3.3 | H11: 6.5
A12: 2025 | B12: 12 | C12: 6 | D12: 2 | E12: 6-2 | F12: 6 | G12: 3.2 | H12: 6
A13: 2025 | B13: 12 | C13: 6 | D13: 3 | E13: 6-3 | F13: 6.2 | G13: 3.1 | H13: 6
A14: 2025 | B14: 12 | C14: 5 | D14: 1 | E14: 5-1 | F14: 7 | G14: 3.5 | H14: 6.9
A15: 2025 | B15: 12 | C15: 5 | D15: 2 | E15: 5-2 | F15: 6.7 | G15: 3.2 | H15: 6.8
... A37: 2025 | B37: 12 | C37: -5 | D37: 3 | E37: -5-3 | F37: 10.1 | G37: 3 | H37: 10.1

Sheet 2023년 Trend

Sheet 2024년 Trend

Sheet 2025년 Trend
