Workbook

Sheet 데이터 입력
B2: 주황색 란 기입 할 것! (1일 근무 외 자동 입력)
B6: 계산월 | E6: 9
B8: 급여명세서 식대 지원 | E8: 16500
B10: 일자 | C10: 요일 | D10: 비고 | E10: 근무 형태 | G10: 식당 태깅 No. | H10: 식당 태깅 일자
B11: =DATE(YEAR(TODAY()),$E$6,1) -> 45536 | C11: =TEXT(B11,"aaa") -> 일 | D11: =IFERROR(VLOOKUP(B11,참고.공휴일!$B:$C,2,0),"") | E11: 당 | G11: 1 | H11: 2 | I11: =IF(LEN($H11)=0,"",IF(MONTH(DATE(YEAR(TODAY()),$E$6,$H11))=$E$6,DATE(YEAR(TODAY()),$E$6,$H11),"")) -> 45537
B12: =IF(MONTH(B11+1)=$E$6,B11+1,"") -> 45537 | C12: =TEXT(B12,"aaa") -> 월 | D12: =IFERROR(VLOOKUP(B12,참고.공휴일!$B:$C,2,0),"") | E12: =IF(OR(C12="토",C12="일",NOT(D12="")),IF(E11="비","휴",IF(OR(E11="주",E11="휴"),"당","비")),IF(E11="비","주",IF(OR(E11="주",E11="휴"),"당","비"))) -> 비 | G12: 2 | H12: 3 | I12: =IF(LEN($H12)=0,"",IF(MONTH(DATE(YEAR(TODAY()),$E$6,$H12))=$E$6,DATE(YEAR(TODAY()),$E$6,$H12),"")) -> 45538
B13: =IF(MONTH(B12+1)=$E$6,B12+1,"") -> 45538 | C13: =TEXT(B13,"aaa") -> 화 | D13: =IFERROR(VLOOKUP(B13,참고.공휴일!$B:$C,2,0),"") | E13: =IF(OR(C13="토",C13="일",NOT(D13="")),IF(E12="비","휴",IF(OR(E12="주",E12="휴"),"당","비")),IF(E12="비","주",IF(OR(E12="주",E12="휴"),"당","비"))) -> 주 | G13: 3 | H13: 3 | I13: =IF(LEN($H13)=0,"",IF(MONTH(DATE(YEAR(TODAY()),$E$6,$H13))=$E$6,DATE(YEAR(TODAY()),$E$6,$H13),"")) -> 45538
B14: =IF(MONTH(B13+1)=$E$6,B13+1,"") -> 45539 | C14: =TEXT(B14,"aaa") -> 수 | D14: =IFERROR(VLOOKUP(B14,참고.공휴일!$B:$C,2,0),"") | E14: =IF(OR(C14="토",C14="일",NOT(D14="")),IF(E13="비","휴",IF(OR(E13="주",E13="휴"),"당","비")),IF(E13="비","주",IF(OR(E13="주",E13="휴"),"당","비"))) -> 당 | G14: 4 | H14: 5 | I14: =IF(LEN($H14)=0,"",IF(MONTH(DATE(YEAR(TODAY()),$E$6,$H14))=$E$6,DATE(YEAR(TODAY()),$E$6,$H14),"")) -> 45540
B15: =IF(MONTH(B14+1)=$E$6,B14+1,"") -> 45540 | C15: =TEXT(B15,"aaa") -> 목 | D15: =IFERROR(VLOOKUP(B15,참고.공휴일!$B:$C,2,0),"") | E15: =IF(OR(C15="토",C15="일",NOT(D15="")),IF(E14="비","휴",IF(OR(E14="주",E14="휴"),"당","비")),IF(E14="비","주",IF(OR(E14="주",E14="휴"),"당","비"))) -> 비 | G15: 5 | H15: 5 | I15: =IF(LEN($H15)=0,"",IF(MONTH(DATE(YEAR(TODAY()),$E$6,$H15))=$E$6,DATE(YEAR(TODAY()),$E$6,$H15),"")) -> 45540
B16: =IF(MONTH(B15+1)=$E$6,B15+1,"") -> 45541 | C16: =TEXT(B16,"aaa") -> 금 | D16: =IFERROR(VLOOKUP(B16,참고.공휴일!$B:$C,2,0),"") | E16: =IF(OR(C16="토",C16="일",NOT(D16="")),IF(E15="비","휴",IF(OR(E15="주",E15="휴"),"당","비")),IF(E15="비","주",IF(OR(E15="주",E15="휴"),"당","비"))) -> 주 | G16: 6 | H16: 6 | I16: =IF(LEN($H16)=0,"",IF(MONTH(DATE(YEAR(TODAY()),$E$6,$H16))=$E$6,DATE(YEAR(TODAY()),$E$6,$H16),"")) -> 45541
B17: =IF(MONTH(B16+1)=$E$6,B16+1,"") -> 45542 | C17: =TEXT(B17,"aaa") -> 토 | D17: =IFERROR(VLOOKUP(B17,참고.공휴일!$B:$C,2,0),"") | E17: =IF(OR(C17="토",C17="일",NOT(D17="")),IF(E16="비","휴",IF(OR(E16="주",E16="휴"),"당","비")),IF(E16="비","주",IF(OR(E16="주",E16="휴"),"당","비"))) -> 당 | G17: 7 | H17: 30 | I17: =IF(LEN($H17)=0,"",IF(MONTH(DATE(YEAR(TODAY()),$E$6,$H17))=$E$6,DATE(YEAR(TODAY()),$E$6,$H17),"")) -> 45565
B18: =IF(MONTH(B17+1)=$E$6,B17+1,"") -> 45543 | C18: =TEXT(B18,"aaa") -> 일 | D18: =IFERROR(VLOOKUP(B18,참고.공휴일!$B:$C,2,0),"") | E18: =IF(OR(C18="토",C18="일",NOT(D18="")),IF(E17="비","휴",IF(OR(E17="주",E17="휴"),"당","비")),IF(E17="비","주",IF(OR(E17="주",E17="휴"),"당","비"))) -> 비 | G18: 8 | H18: 26 | I18: =IF(LEN($H18)=0,"",IF(MONTH(DATE(YEAR(TODAY()),$E$6,$H18))=$E$6,DATE(YEAR(TODAY()),$E$6,$H18),"")) -> 45561
B19: =IF(MONTH(B18+1)=$E$6,B18+1,"") -> 45544 | C19: =TEXT(B19,"aaa") -> 월 | D19: =IFERROR(VLOOKUP(B19,참고.공휴일!$B:$C,2,0),"") | E19: =IF(OR(C19="토",C19="일",NOT(D19="")),IF(E18="비","휴",IF(OR(E18="주",E18="휴"),"당","비")),IF(E18="비","주",IF(OR(E18="주",E18="휴"),"당","비"))) -> 주 | G19: 9 | H19: 26 | I19: =IF(LEN($H19)=0,"",IF(MONTH(DATE(YEAR(TODAY()),$E$6,$H19))=$E$6,DATE(YEAR(TODAY()),$E$6,$H19),"")) -> 45561
B20: =IF(MONTH(B19+1)=$E$6,B19+1,"") -> 45545 | C20: =TEXT(B20,"aaa") -> 화 | D20: =IFERROR(VLOOKUP(B20,참고.공휴일!$B:$C,2,0),"") | E20: =IF(OR(C20="토",C20="일",NOT(D20="")),IF(E19="비","휴",IF(OR(E19="주",E19="휴"),"당","비")),IF(E19="비","주",IF(OR(E19="주",E19="휴"),"당","비"))) -> 당 | G20: 10 | H20: 27 | I20: =IF(LEN($H20)=0,"",IF(MONTH(DATE(YEAR(TODAY()),$E$6,$H20))=$E$6,DATE(YEAR(TODAY()),$E$6,$H20),"")) -> 45562
B21: =IF(MONTH(B20+1)=$E$6,B20+1,"") -> 45546 | C21: =TEXT(B21,"aaa") -> 수 | D21: =IFERROR(VLOOKUP(B21,참고.공휴일!$B:$C,2,0),"") | E21: =IF(OR(C21="토",C21="일",NOT(D21="")),IF(E20="비","휴",IF(OR(E20="주",E20="휴"),"당","비")),IF(E20="비","주",IF(OR(E20="주",E20="휴"),"당","비"))) -> 비 | G21: 11 | H21: 27 | I21: =IF(LEN($H21)=0,"",IF(MONTH(DATE(YEAR(TODAY()),$E$6,$H21))=$E$6,DATE(YEAR(TODAY()),$E$6,$H21),"")) -> 45562
B22: =IF(MONTH(B21+1)=$E$6,B21+1,"") -> 45547 | C22: =TEXT(B22,"aaa") -> 목 | D22: =IFERROR(VLOOKUP(B22,참고.공휴일!$B:$C,2,0),"") | E22: =IF(OR(C22="토",C22="일",NOT(D22="")),IF(E21="비","휴",IF(OR(E21="주",E21="휴"),"당","비")),IF(E21="비","주",IF(OR(E21="주",E21="휴"),"당","비"))) -> 주 | G22: 12 | H22: 27 | I22: =IF(LEN($H22)=0,"",IF(MONTH(DATE(YEAR(TODAY()),$E$6,$H22))=$E$6,DATE(YEAR(TODAY()),$E$6,$H22),"")) -> 45562
B23: =IF(MONTH(B22+1)=$E$6,B22+1,"") -> 45548 | C23: =TEXT(B23,"aaa") -> 금 | D23: =IFERROR(VLOOKUP(B23,참고.공휴일!$B:$C,2,0),"") | E23: =IF(OR(C23="토",C23="일",NOT(D23="")),IF(E22="비","휴",IF(OR(E22="주",E22="휴"),"당","비")),IF(E22="비","주",IF(OR(E22="주",E22="휴"),"당","비"))) -> 당 | G23: 13 | H23: 30 | I23: =IF(LEN($H23)=0,"",IF(MONTH(DATE(YEAR(TODAY()),$E$6,$H23))=$E$6,DATE(YEAR(TODAY()),$E$6,$H23),"")) -> 45565
... B40: =IF(MONTH(B39+1)=$E$6,B39+1,"") -> 45565 | C40: =TEXT(B40,"aaa") -> 월 | D40: =IFERROR(VLOOKUP(B40,참고.공휴일!$B:$C,2,0),"") | E40: =IF(OR(C40="토",C40="일",NOT(D40="")),IF(E39="비","휴",IF(OR(E39="주",E39="휴"),"당","비")),IF(E39="비","주",IF(OR(E39="주",E39="휴"),"당","비"))) -> 주 | G40: 30 | H40: 9 | I40: =IF(LEN($H40)=0,"",IF(MONTH(DATE(YEAR(TODAY()),$E$6,$H40))=$E$6,DATE(YEAR(TODAY()),$E$6,$H40),"")) -> 45544
B41: =IF(MONTH(B40+1)=$E$6,B40+1,"") | C41: =TEXT(B41,"aaa") | D41: =IFERROR(VLOOKUP(B41,참고.공휴일!$B:$C,2,0),"") | E41: =IF(OR(C41="토",C41="일",NOT(D41="")),IF(E40="비","휴",IF(OR(E40="주",E40="휴"),"당","비")),IF(E40="비","주",IF(OR(E40="주",E40="휴"),"당","비"))) -> 당 | G41: 31 | I41: =IF(LEN($H41)=0,"",IF(MONTH(DATE(YEAR(TODAY()),$E$6,$H41))=$E$6,DATE(YEAR(TODAY()),$E$6,$H41),""))
G42: 32 | I42: =IF(LEN($H42)=0,"",IF(MONTH(DATE(YEAR(TODAY()),$E$6,$H42))=$E$6,DATE(YEAR(TODAY()),$E$6,$H42),""))
G43: 33 | I43: =IF(LEN($H43)=0,"",IF(MONTH(DATE(YEAR(TODAY()),$E$6,$H43))=$E$6,DATE(YEAR(TODAY()),$E$6,$H43),""))
G44: 34 | I44: =IF(LEN($H44)=0,"",IF(MONTH(DATE(YEAR(TODAY()),$E$6,$H44))=$E$6,DATE(YEAR(TODAY()),$E$6,$H44),""))
G45: 35 | I45: =IF(LEN($H45)=0,"",IF(MONTH(DATE(YEAR(TODAY()),$E$6,$H45))=$E$6,DATE(YEAR(TODAY()),$E$6,$H45),""))
G46: 36 | I46: =IF(LEN($H46)=0,"",IF(MONTH(DATE(YEAR(TODAY()),$E$6,$H46))=$E$6,DATE(YEAR(TODAY()),$E$6,$H46),""))
G47: 37 | I47: =IF(LEN($H47)=0,"",IF(MONTH(DATE(YEAR(TODAY()),$E$6,$H47))=$E$6,DATE(YEAR(TODAY()),$E$6,$H47),""))
G48: 38 | I48: =IF(LEN($H48)=0,"",IF(MONTH(DATE(YEAR(TODAY()),$E$6,$H48))=$E$6,DATE(YEAR(TODAY()),$E$6,$H48),""))
G49: 39 | I49: =IF(LEN($H49)=0,"",IF(MONTH(DATE(YEAR(TODAY()),$E$6,$H49))=$E$6,DATE(YEAR(TODAY()),$E$6,$H49),""))
G50: 40 | I50: =IF(LEN($H50)=0,"",IF(MONTH(DATE(YEAR(TODAY()),$E$6,$H50))=$E$6,DATE(YEAR(TODAY()),$E$6,$H50),""))
G51: 41 | I51: =IF(LEN($H51)=0,"",IF(MONTH(DATE(YEAR(TODAY()),$E$6,$H51))=$E$6,DATE(YEAR(TODAY()),$E$6,$H51),""))
G52: 42 | I52: =IF(LEN($H52)=0,"",IF(MONTH(DATE(YEAR(TODAY()),$E$6,$H52))=$E$6,DATE(YEAR(TODAY()),$E$6,$H52),""))
G53: 43 | I53: =IF(LEN($H53)=0,"",IF(MONTH(DATE(YEAR(TODAY()),$E$6,$H53))=$E$6,DATE(YEAR(TODAY()),$E$6,$H53),""))
... G87: 77 | I87: =IF(LEN($H87)=0,"",IF(MONTH(DATE(YEAR(TODAY()),$E$6,$H87))=$E$6,DATE(YEAR(TODAY()),$E$6,$H87),""))
I88: =IF(LEN($H88)=0,"",IF(MONTH(DATE(YEAR(TODAY()),$E$6,$H88))=$E$6,DATE(YEAR(TODAY()),$E$6,$H88),""))
I89: =IF(LEN($H89)=0,"",IF(MONTH(DATE(YEAR(TODAY()),$E$6,$H89))=$E$6,DATE(YEAR(TODAY()),$E$6,$H89),""))
I90: =IF(LEN($H90)=0,"",IF(MONTH(DATE(YEAR(TODAY()),$E$6,$H90))=$E$6,DATE(YEAR(TODAY()),$E$6,$H90),""))
I91: =IF(LEN($H91)=0,"",IF(MONTH(DATE(YEAR(TODAY()),$E$6,$H91))=$E$6,DATE(YEAR(TODAY()),$E$6,$H91),""))

Sheet 식대 지원 계산
B2: 급여 명세서 기준 공제 | D2: ='데이터 입력'!$E$8 -> 16500 | H2: 사측 추가 공제 금액 | J2: =IF($D$2-$D$3>0,$D$2-$D$3,0) -> 0
B3: 식당 태깅 기준 공제 | D3: =-SUM($J$12,$J$19,$J$26,$J$33,$J$40)*5500 -> 16500 | H3: 사측 미공제 금액 | J3: =IF($D$2-$D$3<0,$D$2-$D$3,0) -> 0
B5: 요일 | C5: 일 | D5: 월 | E5: 화 | F5: 수 | G5: 목 | H5: 금 | I5: 토 | J5: 주차별 합산
B6: 일자 | C6: =DATE(YEAR(DATE(YEAR(TODAY()),'데이터 입력'!$E$6,1)),'데이터 입력'!$E$6,1)-WEEKDAY(DATE(YEAR(DATE(YEAR(TODAY()),'데이터 입력'!$E$6,1)),'데이터 입력'!$E$6,1),1)+1 -> 45536 | D6: =C6+1 -> 45537 | E6: =D6+1 -> 45538 | F6: =E6+1 -> 45539 | G6: =F6+1 -> 45540 | H6: =G6+1 -> 45541 | I6: =H6+1 -> 45542 | J6: 1주차
B7: 근무 형태 | C7: =IFERROR(VLOOKUP(VLOOKUP(C6,'데이터 입력'!$B:$E,4,0),$N$8:$O$13,2,0)," ") -> 당직 | D7: =IFERROR(VLOOKUP(VLOOKUP(D6,'데이터 입력'!$B:$E,4,0),$N$8:$O$13,2,0)," ") -> 비번 | E7: =IFERROR(VLOOKUP(VLOOKUP(E6,'데이터 입력'!$B:$E,4,0),$N$8:$O$13,2,0)," ") -> 주간 | F7: =IFERROR(VLOOKUP(VLOOKUP(F6,'데이터 입력'!$B:$E,4,0),$N$8:$O$13,2,0)," ") -> 당직 | G7: =IFERROR(VLOOKUP(VLOOKUP(G6,'데이터 입력'!$B:$E,4,0),$N$8:$O$13,2,0)," ") -> 비번 | H7: =IFERROR(VLOOKUP(VLOOKUP(H6,'데이터 입력'!$B:$E,4,0),$N$8:$O$13,2,0)," ") -> 주간 | I7: =IFERROR(VLOOKUP(VLOOKUP(I6,'데이터 입력'!$B:$E,4,0),$N$8:$O$13,2,0)," ") -> 당직 | P7: 근무 코드
B8: 식수 | C8: =CHOOSE(VLOOKUP(C7,$O$8:$P$14,2,0),1,2,0,0,0,0,0) -> 2 | D8: =CHOOSE(VLOOKUP(D7,$O$8:$P$14,2,0),1,2,0,0,0,0,0) -> 0 | E8: =CHOOSE(VLOOKUP(E7,$O$8:$P$14,2,0),1,2,0,0,0,0,0) -> 1 | F8: =CHOOSE(VLOOKUP(F7,$O$8:$P$14,2,0),1,2,0,0,0,0,0) -> 2 | G8: =CHOOSE(VLOOKUP(G7,$O$8:$P$14,2,0),1,2,0,0,0,0,0) -> 0 | H8: =CHOOSE(VLOOKUP(H7,$O$8:$P$14,2,0),1,2,0,0,0,0,0) -> 1 | I8: =CHOOSE(VLOOKUP(I7,$O$8:$P$14,2,0),1,2,0,0,0,0,0) -> 2 | J8: =SUM(C8:I8) -> 8 | N8: 주 | O8: 주간 | P8: 1
B9: 식사 제공 | C9: =IF(C8+VLOOKUP(C$5,$O$16:$P$22,2,0)<0,0,C8+VLOOKUP(C$5,$O$16:$P$22,2,0)) -> 0 | D9: =IF(D8+VLOOKUP(D$5,$O$16:$P$22,2,0)<0,0,D8+VLOOKUP(D$5,$O$16:$P$22,2,0)) -> 0 | E9: =IF(E8+VLOOKUP(E$5,$O$16:$P$22,2,0)<0,0,E8+VLOOKUP(E$5,$O$16:$P$22,2,0)) -> 1 | F9: =IF(F8+VLOOKUP(F$5,$O$16:$P$22,2,0)<0,0,F8+VLOOKUP(F$5,$O$16:$P$22,2,0)) -> 2 | G9: =IF(G8+VLOOKUP(G$5,$O$16:$P$22,2,0)<0,0,G8+VLOOKUP(G$5,$O$16:$P$22,2,0)) -> 0 | H9: =IF(H8+VLOOKUP(H$5,$O$16:$P$22,2,0)<0,0,H8+VLOOKUP(H$5,$O$16:$P$22,2,0)) -> 1 | I9: =IF(I8+VLOOKUP(I$5,$O$16:$P$22,2,0)<0,0,I8+VLOOKUP(I$5,$O$16:$P$22,2,0)) -> 1 | J9: =SUM(C9:I9) -> 5 | N9: 당 | O9: 당직 | P9: 2
B10: 식대 지원 | C10: =C8-C9 -> 2 | D10: =D8-D9 -> 0 | E10: =E8-E9 -> 0 | F10: =F8-F9 -> 0 | G10: =G8-G9 -> 0 | H10: =H8-H9 -> 0 | I10: =I8-I9 -> 1 | J10: =SUM(C10:I10) -> 3 | N10: 비 | O10: 비번 | P10: 3
B11: 식당 태깅 | C11: =COUNTIF('데이터 입력'!$I:$I,C6) -> 0 | D11: =COUNTIF('데이터 입력'!$I:$I,D6) -> 1 | E11: =COUNTIF('데이터 입력'!$I:$I,E6) -> 2 | F11: =COUNTIF('데이터 입력'!$I:$I,F6) -> 0 | G11: =COUNTIF('데이터 입력'!$I:$I,G6) -> 2 | H11: =COUNTIF('데이터 입력'!$I:$I,H6) -> 3 | I11: =COUNTIF('데이터 입력'!$I:$I,I6) -> 0 | J11: =SUM(C11:I11) -> 8 | N11: 휴 | O11: 휴무 | P11: 4
B12: 소계 | C12: =SUM(C9,C10)-C11 -> 2 | D12: =SUM(D9,D10)-D11 -> -1 | E12: =SUM(E9,E10)-E11 -> -1 | F12: =SUM(F9,F10)-F11 -> 2 | G12: =SUM(G9,G10)-G11 -> -2 | H12: =SUM(H9,H10)-H11 -> -2 | I12: =SUM(I9,I10)-I11 -> 2 | J12: =SUM(J9,J10)-J11 -> 0 | N12: 연 | O12: 연차 | P12: 5
B13: 일자 | C13: =$C6+7 -> 45543 | D13: =C13+1 -> 45544 | E13: =D13+1 -> 45545 | F13: =E13+1 -> 45546 | G13: =F13+1 -> 45547 | H13: =G13+1 -> 45548 | I13: =H13+1 -> 45549 | J13: 2주차 | N13: 반 | O13: 반차 | P13: 6
B14: 근무 형태 | C14: =IFERROR(VLOOKUP(VLOOKUP(C13,'데이터 입력'!$B:$E,4,0),$N$8:$O$13,2,0)," ") -> 비번 | D14: =IFERROR(VLOOKUP(VLOOKUP(D13,'데이터 입력'!$B:$E,4,0),$N$8:$O$13,2,0)," ") -> 주간 | E14: =IFERROR(VLOOKUP(VLOOKUP(E13,'데이터 입력'!$B:$E,4,0),$N$8:$O$13,2,0)," ") -> 당직 | F14: =IFERROR(VLOOKUP(VLOOKUP(F13,'데이터 입력'!$B:$E,4,0),$N$8:$O$13,2,0)," ") -> 비번 | G14: =IFERROR(VLOOKUP(VLOOKUP(G13,'데이터 입력'!$B:$E,4,0),$N$8:$O$13,2,0)," ") -> 주간 | H14: =IFERROR(VLOOKUP(VLOOKUP(H13,'데이터 입력'!$B:$E,4,0),$N$8:$O$13,2,0)," ") -> 당직 | I14: =IFERROR(VLOOKUP(VLOOKUP(I13,'데이터 입력'!$B:$E,4,0),$N$8:$O$13,2,0)," ") -> 비번 | P14: 7
B15: 식수 | C15: =CHOOSE(VLOOKUP(C14,$O$8:$P$14,2,0),1,2,0,0,0,0,0) -> 0 | D15: =CHOOSE(VLOOKUP(D14,$O$8:$P$14,2,0),1,2,0,0,0,0,0) -> 1 | E15: =CHOOSE(VLOOKUP(E14,$O$8:$P$14,2,0),1,2,0,0,0,0,0) -> 2 | F15: =CHOOSE(VLOOKUP(F14,$O$8:$P$14,2,0),1,2,0,0,0,0,0) -> 0 | G15: =CHOOSE(VLOOKUP(G14,$O$8:$P$14,2,0),1,2,0,0,0,0,0) -> 1 | H15: =CHOOSE(VLOOKUP(H14,$O$8:$P$14,2,0),1,2,0,0,0,0,0) -> 2 | I15: =CHOOSE(VLOOKUP(I14,$O$8:$P$14,2,0),1,2,0,0,0,0,0) -> 0 | J15: =SUM(C15:I15) -> 6
B16: 식사 제공 | C16: =IF(C15+VLOOKUP(C$5,$O$16:$P$22,2,0)<0,0,C15+VLOOKUP(C$5,$O$16:$P$22,2,0)) -> 0 | D16: =IF(D15+VLOOKUP(D$5,$O$16:$P$22,2,0)<0,0,D15+VLOOKUP(D$5,$O$16:$P$22,2,0)) -> 1 | E16: =IF(E15+VLOOKUP(E$5,$O$16:$P$22,2,0)<0,0,E15+VLOOKUP(E$5,$O$16:$P$22,2,0)) -> 2 | F16: =IF(F15+VLOOKUP(F$5,$O$16:$P$22,2,0)<0,0,F15+VLOOKUP(F$5,$O$16:$P$22,2,0)) -> 0 | G16: =IF(G15+VLOOKUP(G$5,$O$16:$P$22,2,0)<0,0,G15+VLOOKUP(G$5,$O$16:$P$22,2,0)) -> 1 | H16: =IF(H15+VLOOKUP(H$5,$O$16:$P$22,2,0)<0,0,H15+VLOOKUP(H$5,$O$16:$P$22,2,0)) -> 2 | I16: =IF(I15+VLOOKUP(I$5,$O$16:$P$22,2,0)<0,0,I15+VLOOKUP(I$5,$O$16:$P$22,2,0)) -> 0 | J16: =SUM(C16:I16) -> 6 | O16: 토 | P16: -1
B17: 식대 지원 | C17: =C15-C16 -> 0 | D17: =D15-D16 -> 0 | E17: =E15-E16 -> 0 | F17: =F15-F16 -> 0 | G17: =G15-G16 -> 0 | H17: =H15-H16 -> 0 | I17: =I15-I16 -> 0 | J17: =SUM(C17:I17) -> 0 | O17: 일 | P17: -2
B18: 식당 태깅 | C18: =COUNTIF('데이터 입력'!$I:$I,C13) -> 0 | D18: =COUNTIF('데이터 입력'!$I:$I,D13) -> 3 | E18: =COUNTIF('데이터 입력'!$I:$I,E13) -> 0 | F18: =COUNTIF('데이터 입력'!$I:$I,F13) -> 0 | G18: =COUNTIF('데이터 입력'!$I:$I,G13) -> 4 | H18: =COUNTIF('데이터 입력'!$I:$I,H13) -> 0 | I18: =COUNTIF('데이터 입력'!$I:$I,I13) -> 0 | J18: =SUM(C18:I18) -> 7 | O18: 월 | P18: 0
B19: 소계 | C19: =SUM(C16,C17)-C18 -> 0 | D19: =SUM(D16,D17)-D18 -> -2 | E19: =SUM(E16,E17)-E18 -> 2 | F19: =SUM(F16,F17)-F18 -> 0 | G19: =SUM(G16,G17)-G18 -> -3 | H19: =SUM(H16,H17)-H18 -> 2 | I19: =SUM(I16,I17)-I18 -> 0 | J19: =SUM(J16,J17)-J18 -> -1 | O19: 화 | P19: 0
B20: 일자 | C20: =$C13+7 -> 45550 | D20: =C20+1 -> 45551 | E20: =D20+1 -> 45552 | F20: =E20+1 -> 45553 | G20: =F20+1 -> 45554 | H20: =G20+1 -> 45555 | I20: =H20+1 -> 45556 | J20: 3주차 | O20: 수 | P20: 0
B21: 근무 형태 | C21: =IFERROR(VLOOKUP(VLOOKUP(C20,'데이터 입력'!$B:$E,4,0),$N$8:$O$13,2,0)," ") -> 휴무 | D21: =IFERROR(VLOOKUP(VLOOKUP(D20,'데이터 입력'!$B:$E,4,0),$N$8:$O$13,2,0)," ") -> 당직 | E21: =IFERROR(VLOOKUP(VLOOKUP(E20,'데이터 입력'!$B:$E,4,0),$N$8:$O$13,2,0)," ") -> 비번 | F21: =IFERROR(VLOOKUP(VLOOKUP(F20,'데이터 입력'!$B:$E,4,0),$N$8:$O$13,2,0)," ") -> 휴무 | G21: =IFERROR(VLOOKUP(VLOOKUP(G20,'데이터 입력'!$B:$E,4,0),$N$8:$O$13,2,0)," ") -> 당직 | H21: =IFERROR(VLOOKUP(VLOOKUP(H20,'데이터 입력'!$B:$E,4,0),$N$8:$O$13,2,0)," ") -> 비번 | I21: =IFERROR(VLOOKUP(VLOOKUP(I20,'데이터 입력'!$B:$E,4,0),$N$8:$O$13,2,0)," ") -> 휴무 | O21: 목 | P21: 0
B22: 식수 | C22: =CHOOSE(VLOOKUP(C21,$O$8:$P$14,2,0),1,2,0,0,0,0,0) -> 0 | D22: =CHOOSE(VLOOKUP(D21,$O$8:$P$14,2,0),1,2,0,0,0,0,0) -> 2 | E22: =CHOOSE(VLOOKUP(E21,$O$8:$P$14,2,0),1,2,0,0,0,0,0) -> 0 | F22: =CHOOSE(VLOOKUP(F21,$O$8:$P$14,2,0),1,2,0,0,0,0,0) -> 0 | G22: =CHOOSE(VLOOKUP(G21,$O$8:$P$14,2,0),1,2,0,0,0,0,0) -> 2 | H22: =CHOOSE(VLOOKUP(H21,$O$8:$P$14,2,0),1,2,0,0,0,0,0) -> 0 | I22: =CHOOSE(VLOOKUP(I21,$O$8:$P$14,2,0),1,2,0,0,0,0,0) -> 0 | J22: =SUM(C22:I22) -> 4 | O22: 금 | P22: 0
B23: 식사 제공 | C23: =IF(C22+VLOOKUP(C$5,$O$16:$P$22,2,0)<0,0,C22+VLOOKUP(C$5,$O$16:$P$22,2,0)) -> 0 | D23: =IF(D22+VLOOKUP(D$5,$O$16:$P$22,2,0)<0,0,D22+VLOOKUP(D$5,$O$16:$P$22,2,0)) -> 2 | E23: =IF(E22+VLOOKUP(E$5,$O$16:$P$22,2,0)<0,0,E22+VLOOKUP(E$5,$O$16:$P$22,2,0)) -> 0 | F23: =IF(F22+VLOOKUP(F$5,$O$16:$P$22,2,0)<0,0,F22+VLOOKUP(F$5,$O$16:$P$22,2,0)) -> 0 | G23: =IF(G22+VLOOKUP(G$5,$O$16:$P$22,2,0)<0,0,G22+VLOOKUP(G$5,$O$16:$P$22,2,0)) -> 2 | H23: =IF(H22+VLOOKUP(H$5,$O$16:$P$22,2,0)<0,0,H22+VLOOKUP(H$5,$O$16:$P$22,2,0)) -> 0 | I23: =IF(I22+VLOOKUP(I$5,$O$16:$P$22,2,0)<0,0,I22+VLOOKUP(I$5,$O$16:$P$22,2,0)) -> 0 | J23: =SUM(C23:I23) -> 4
B24: 식대 지원 | C24: =C22-C23 -> 0 | D24: =D22-D23 -> 0 | E24: =E22-E23 -> 0 | F24: =F22-F23 -> 0 | G24: =G22-G23 -> 0 | H24: =H22-H23 -> 0 | I24: =I22-I23 -> 0 | J24: =SUM(C24:I24) -> 0
B25: 식당 태깅 | C25: =COUNTIF('데이터 입력'!$I:$I,C20) -> 0 | D25: =COUNTIF('데이터 입력'!$I:$I,D20) -> 0 | E25: =COUNTIF('데이터 입력'!$I:$I,E20) -> 0 | F25: =COUNTIF('데이터 입력'!$I:$I,F20) -> 0 | G25: =COUNTIF('데이터 입력'!$I:$I,G20) -> 0 | H25: =COUNTIF('데이터 입력'!$I:$I,H20) -> 1 | I25: =COUNTIF('데이터 입력'!$I:$I,I20) -> 1 | J25: =SUM(C25:I25) -> 2
B26: 소계 | C26: =SUM(C23,C24)-C25 -> 0 | D26: =SUM(D23,D24)-D25 -> 2 | E26: =SUM(E23,E24)-E25 -> 0 | F26: =SUM(F23,F24)-F25 -> 0 | G26: =SUM(G23,G24)-G25 -> 2 | H26: =SUM(H23,H24)-H25 -> -1 | I26: =SUM(I23,I24)-I25 -> -1 | J26: =SUM(J23,J24)-J25 -> 2
B27: 일자 | C27: =$C20+7 -> 45557 | D27: =C27+1 -> 45558 | E27: =D27+1 -> 45559 | F27: =E27+1 -> 45560 | G27: =F27+1 -> 45561 | H27: =G27+1 -> 45562 | I27: =H27+1 -> 45563 | J27: 4주차
B28: 근무 형태 | C28: =IFERROR(VLOOKUP(VLOOKUP(C27,'데이터 입력'!$B:$E,4,0),$N$8:$O$13,2,0)," ") -> 당직 | D28: =IFERROR(VLOOKUP(VLOOKUP(D27,'데이터 입력'!$B:$E,4,0),$N$8:$O$13,2,0)," ") -> 비번 | E28: =IFERROR(VLOOKUP(VLOOKUP(E27,'데이터 입력'!$B:$E,4,0),$N$8:$O$13,2,0)," ") -> 주간 | F28: =IFERROR(VLOOKUP(VLOOKUP(F27,'데이터 입력'!$B:$E,4,0),$N$8:$O$13,2,0)," ") -> 당직 | G28: =IFERROR(VLOOKUP(VLOOKUP(G27,'데이터 입력'!$B:$E,4,0),$N$8:$O$13,2,0)," ") -> 비번 | H28: =IFERROR(VLOOKUP(VLOOKUP(H27,'데이터 입력'!$B:$E,4,0),$N$8:$O$13,2,0)," ") -> 주간 | I28: =IFERROR(VLOOKUP(VLOOKUP(I27,'데이터 입력'!$B:$E,4,0),$N$8:$O$13,2,0)," ") -> 당직
B29: 식수 | C29: =CHOOSE(VLOOKUP(C28,$O$8:$P$14,2,0),1,2,0,0,0,0,0) -> 2 | D29: =CHOOSE(VLOOKUP(D28,$O$8:$P$14,2,0),1,2,0,0,0,0,0) -> 0 | E29: =CHOOSE(VLOOKUP(E28,$O$8:$P$14,2,0),1,2,0,0,0,0,0) -> 1 | F29: =CHOOSE(VLOOKUP(F28,$O$8:$P$14,2,0),1,2,0,0,0,0,0) -> 2 | G29: =CHOOSE(VLOOKUP(G28,$O$8:$P$14,2,0),1,2,0,0,0,0,0) -> 0 | H29: =CHOOSE(VLOOKUP(H28,$O$8:$P$14,2,0),1,2,0,0,0,0,0) -> 1 | I29: =CHOOSE(VLOOKUP(I28,$O$8:$P$14,2,0),1,2,0,0,0,0,0) -> 2 | J29: =SUM(C29:I29) -> 8
B30: 식사 제공 | C30: =IF(C29+VLOOKUP(C$5,$O$16:$P$22,2,0)<0,0,C29+VLOOKUP(C$5,$O$16:$P$22,2,0)) -> 0 | D30: =IF(D29+VLOOKUP(D$5,$O$16:$P$22,2,0)<0,0,D29+VLOOKUP(D$5,$O$16:$P$22,2,0)) -> 0 | E30: =IF(E29+VLOOKUP(E$5,$O$16:$P$22,2,0)<0,0,E29+VLOOKUP(E$5,$O$16:$P$22,2,0)) -> 1 | F30: =IF(F29+VLOOKUP(F$5,$O$16:$P$22,2,0)<0,0,F29+VLOOKUP(F$5,$O$16:$P$22,2,0)) -> 2 | G30: =IF(G29+VLOOKUP(G$5,$O$16:$P$22,2,0)<0,0,G29+VLOOKUP(G$5,$O$16:$P$22,2,0)) -> 0 | H30: =IF(H29+VLOOKUP(H$5,$O$16:$P$22,2,0)<0,0,H29+VLOOKUP(H$5,$O$16:$P$22,2,0)) -> 1 | I30: =IF(I29+VLOOKUP(I$5,$O$16:$P$22,2,0)<0,0,I29+VLOOKUP(I$5,$O$16:$P$22,2,0)) -> 1 | J30: =SUM(C30:I30) -> 5
B31: 식대 지원 | C31: =C29-C30 -> 2 | D31: =D29-D30 -> 0 | E31: =E29-E30 -> 0 | F31: =F29-F30 -> 0 | G31: =G29-G30 -> 0 | H31: =H29-H30 -> 0 | I31: =I29-I30 -> 1 | J31: =SUM(C31:I31) -> 3
B32: 식당 태깅 | C32: =COUNTIF('데이터 입력'!$I:$I,C27) -> 0 | D32: =COUNTIF('데이터 입력'!$I:$I,D27) -> 2 | E32: =COUNTIF('데이터 입력'!$I:$I,E27) -> 2 | F32: =COUNTIF('데이터 입력'!$I:$I,F27) -> 0 | G32: =COUNTIF('데이터 입력'!$I:$I,G27) -> 4 | H32: =COUNTIF('데이터 입력'!$I:$I,H27) -> 3 | I32: =COUNTIF('데이터 입력'!$I:$I,I27) -> 0 | J32: =SUM(C32:I32) -> 11
B33: 소계 | C33: =SUM(C30,C31)-C32 -> 2 | D33: =SUM(D30,D31)-D32 -> -2 | E33: =SUM(E30,E31)-E32 -> -1 | F33: =SUM(F30,F31)-F32 -> 2 | G33: =SUM(G30,G31)-G32 -> -4 | H33: =SUM(H30,H31)-H32 -> -2 | I33: =SUM(I30,I31)-I32 -> 2 | J33: =SUM(J30,J31)-J32 -> -3
B34: 일자 | C34: =$C27+7 -> 45564 | D34: =C34+1 -> 45565 | E34: =D34+1 -> 45566 | F34: =E34+1 -> 45567 | G34: =F34+1 -> 45568 | H34: =G34+1 -> 45569 | I34: =H34+1 -> 45570 | J34: 5주차
B35: 근무 형태 | C35: =IFERROR(VLOOKUP(VLOOKUP(C34,'데이터 입력'!$B:$E,4,0),$N$8:$O$13,2,0)," ") -> 비번 | D35: =IFERROR(VLOOKUP(VLOOKUP(D34,'데이터 입력'!$B:$E,4,0),$N$8:$O$13,2,0)," ") -> 주간 | E35: =IFERROR(VLOOKUP(VLOOKUP(E34,'데이터 입력'!$B:$E,4,0),$N$8:$O$13,2,0)," ") | F35: =IFERROR(VLOOKUP(VLOOKUP(F34,'데이터 입력'!$B:$E,4,0),$N$8:$O$13,2,0)," ") | G35: =IFERROR(VLOOKUP(VLOOKUP(G34,'데이터 입력'!$B:$E,4,0),$N$8:$O$13,2,0)," ") | H35: =IFERROR(VLOOKUP(VLOOKUP(H34,'데이터 입력'!$B:$E,4,0),$N$8:$O$13,2,0)," ") | I35: =IFERROR(VLOOKUP(VLOOKUP(I34,'데이터 입력'!$B:$E,4,0),$N$8:$O$13,2,0)," ")
B36: 식수 | C36: =CHOOSE(VLOOKUP(C35,$O$8:$P$14,2,0),1,2,0,0,0,0,0) -> 0 | D36: =CHOOSE(VLOOKUP(D35,$O$8:$P$14,2,0),1,2,0,0,0,0,0) -> 1 | E36: =CHOOSE(VLOOKUP(E35,$O$8:$P$14,2,0),1,2,0,0,0,0,0) -> 0 | F36: =CHOOSE(VLOOKUP(F35,$O$8:$P$14,2,0),1,2,0,0,0,0,0) -> 0 | G36: =CHOOSE(VLOOKUP(G35,$O$8:$P$14,2,0),1,2,0,0,0,0,0) -> 0 | H36: =CHOOSE(VLOOKUP(H35,$O$8:$P$14,2,0),1,2,0,0,0,0,0) -> 0 | I36: =CHOOSE(VLOOKUP(I35,$O$8:$P$14,2,0),1,2,0,0,0,0,0) -> 0 | J36: =SUM(C36:I36) -> 1
B37: 식사 제공 | C37: =IF(C36+VLOOKUP(C$5,$O$16:$P$22,2,0)<0,0,C36+VLOOKUP(C$5,$O$16:$P$22,2,0)) -> 0 | D37: =IF(D36+VLOOKUP(D$5,$O$16:$P$22,2,0)<0,0,D36+VLOOKUP(D$5,$O$16:$P$22,2,0)) -> 1 | E37: =IF(E36+VLOOKUP(E$5,$O$16:$P$22,2,0)<0,0,E36+VLOOKUP(E$5,$O$16:$P$22,2,0)) -> 0 | F37: =IF(F36+VLOOKUP(F$5,$O$16:$P$22,2,0)<0,0,F36+VLOOKUP(F$5,$O$16:$P$22,2,0)) -> 0 | G37: =IF(G36+VLOOKUP(G$5,$O$16:$P$22,2,0)<0,0,G36+VLOOKUP(G$5,$O$16:$P$22,2,0)) -> 0 | H37: =IF(H36+VLOOKUP(H$5,$O$16:$P$22,2,0)<0,0,H36+VLOOKUP(H$5,$O$16:$P$22,2,0)) -> 0 | I37: =IF(I36+VLOOKUP(I$5,$O$16:$P$22,2,0)<0,0,I36+VLOOKUP(I$5,$O$16:$P$22,2,0)) -> 0 | J37: =SUM(C37:I37) -> 1
B38: 식대 지원 | C38: =C36-C37 -> 0 | D38: =D36-D37 -> 0 | E38: =E36-E37 -> 0 | F38: =F36-F37 -> 0 | G38: =G36-G37 -> 0 | H38: =H36-H37 -> 0 | I38: =I36-I37 -> 0 | J38: =SUM(C38:I38) -> 0
B39: 식당 태깅 | C39: =COUNTIF('데이터 입력'!$I:$I,C34) -> 0 | D39: =COUNTIF('데이터 입력'!$I:$I,D34) -> 2 | E39: =COUNTIF('데이터 입력'!$I:$I,E34) -> 0 | F39: =COUNTIF('데이터 입력'!$I:$I,F34) -> 0 | G39: =COUNTIF('데이터 입력'!$I:$I,G34) -> 0 | H39: =COUNTIF('데이터 입력'!$I:$I,H34) -> 0 | I39: =COUNTIF('데이터 입력'!$I:$I,I34) -> 0 | J39: =SUM(C39:I39) -> 2
B40: 소계 | C40: =SUM(C37,C38)-C39 -> 0 | D40: =SUM(D37,D38)-D39 -> -1 | E40: =SUM(E37,E38)-E39 -> 0 | F40: =SUM(F37,F38)-F39 -> 0 | G40: =SUM(G37,G38)-G39 -> 0 | H40: =SUM(H37,H38)-H39 -> 0 | I40: =SUM(I37,I38)-I39 -> 0 | J40: =SUM(J37,J38)-J39 -> -1

Sheet 참고.공휴일
B2: 날짜 | C2: 비고
B3: 45292 | C3: 신정
B4: 45331 | C4: 설날
B5: 45332 | C5: 설날
B6: 45333 | C6: 설날
B7: 45334 | C7: 설날
B8: 45352 | C8: 삼일절
B9: 45392 | C9: 선거
B10: 45413 | C10: 근로자의날
B11: 45417 | C11: 어린이날
B12: 45418 | C12: 대체휴일
B13: 45427 | C13: 석탄절
B14: 45449 | C14: 현충일
... B21: 45651 | C21: 성탄절
